_id,cultivarName,accessionNumber,link,maturity,leafColor,downyMildew,verticilliumWilt,viruses,vigor,yield,sidearmLength,alphaAcids,alphaAcidsHigh,alphaAcidsLow,alphaAcidsAverage,betaAcids,betaAcidsHigh,betaAcidsLow,betaAcidsAverage,cohumulone,cohumuloneHigh,cohumuloneLow,cohumuloneAverage,oil,oilLow,oilHigh,oilAverage,H/CRatio,H/CRatioLow,H/CRatioHigh,H/CRatioAverage,humulene,humuleneHigh,humuleneLow,humuleneAverage,caryophylleneOriginal,caryophyllene,myrceneOriginal,myrcene,farneseneOriginal,farnesene
6708457e1540d082ce0716c3,Brewer's Gold,19001,https://www.ars.usda.gov/ARSUserFiles/2450/hopcultivars/19001.html,Late,Light green,moderately resistant,resistant,Viruses: infected with all five major hop viruses,"Excellent, occasionally uneven spring regrowth","High, 1500-2400 lbs/acre",24-36 inches,9.2% (10 year range: 7.1 to 11.3%),11.3,7.1,9.2,4.8% (10 year range: 3.3 to 6.1%),6.1,3.3,4.7,39 (10 year range: 36 - 45),45,39,42,1.96 ml/100 g (10 year range: 1.38 to 3.42),1.96,,1.96,H/C ratio = 1.73,1.73,,1.73,Humulene 11.3%,11.3,,11.3,Caryophyllene 6.5%,6.5,myrcene 66.7%,66.7,farnesene: none,0.0
6708457e1540d082ce07168e,Fuggle,19209,https://www.ars.usda.gov/ARSUserFiles/2450/hopcultivars/19209.html,Early,Dark green,resistant,moderately susceptible,"Viruses: carries the Apple and Cherry strain of Prunus Necrotic Ringspot virus, sometimes also Hop Mosaic virus",Low to medium,"Low, 900-1100 lbs/acre",12-20 inches,5.1% (13 year average; range 2.4 to 6.1),6.1,2.4,4.3,2.4% (13 year average; range 2.1 to 2.8),2.8,2.1,2.5,27% (range 25-29%),29,25,27,0.60 ml/100 g (7 year range: 0.44 to 0.83 ml/100 g). Humulene 26.6% Caryophyllene 9.1%; myrcene 43.4%; farnesene 4.3%. H/C ratio =2.94,0.60,,0.60,H/C ratio =2.94,2.94,,2.94,Humulene 26.6%,26.6,,26.6,Caryophyllene 9.1%,9.1,myrcene 43.4%,43.4,farnesene 4.3%,4.3
6708457e1540d082ce071694,Fuggle tetraploid,21003,https://www.ars.usda.gov/ARSUserFiles/2450/hopcultivars/21003.html,early,dark green,resistant,moderately susceptible,Viruses: unknown,poor,low (less than 1000 lbs/acre),12 - 20 inches,5% (5 year range: 3.7 to 5.8),5.8,3.7,4.8,2.4% (5 year range: 2.0 to 3.0),3.0,2.0,2.5,26%,26,26,26,0.93 ml/100 g (5 year range: 0.47 - 1.17),0.93,,0.93,,,,,unknown,,,,unknown,,unknown,,,
6708457e1540d082ce0716e7,Late Cluster selection L16,21011,https://www.ars.usda.gov/ARSUserFiles/2450/hopcultivars/21011.html,Late,Moderately dark green,susceptible,resistant,unknown,Very good,"1,800-2,200 lbs/acre",15-36 inches,5.8% (10-year range 4.8-6.4%),6.4,4.8,5.6,4.2% (10-year range 3.9-4.7%),4.7,3.9,4.3,39%,39,39,39,0.5 ml/ 100 g,0.50,,0.50,,,,,unknown,,,,unknown,,unknown,,,
6708457e1540d082ce0716af,Hallertauer mittlefrueh,21014,https://www.ars.usda.gov/ARSUserFiles/2450/hopcultivars/21014.html,Early,Light green,moderately susceptible,very susceptible,Viruses: unknown,Poor to good,Low (about 800 lbs/acre),12 inches,3-5%,5.0,3.0,4.0,4.40%,4.4,4.4,4.4,20%,20,20,20,0.8 ml/100 g,0.80,,0.80,H/C ratio = 3.42,3.42,,3.42,Humulene 35.7%,35.7,,35.7,caryophyllene 10.4%,10.4,myrcene 36.0%,36.0,farnesene trace,
6708457e1540d082ce0716a0,Golden Star,21039,https://www.ars.usda.gov/ARSUserFiles/2450/hopcultivars/21039.html,Late,Light green,resistant,,"Viruses: infected with Prunus Necrotic Ringspot Virus (both apple and cherry strains), Hop Latent Virus, American Hop Latent Virus, but free of Hop Mosaic Virus",Very good,"High, 1600-2000 lbs/acre",20-36 inches,5.4% (5-year range 4.4-6.7%),6.7,4.4,5.6,4.6 (5-year range 3.8-5.5%),5.5,3.8,4.7,50%,50,50,50,0.63 ml/100 g (5-year range 0.45-1.0 ml). Humulene 12.5%; Caryophyllene 5.2%; myrcene 57.1%; no farnesene. H/C ratio = 2.43,0.63,,0.63,H/C ratio = 2.43,2.43,,2.43,Humulene 12.5%,12.5,,12.5,Caryophyllene 5.2%,5.2,myrcene 57.1%,57.1,no farnesene,0.0
6708457e1540d082ce0716fe,Columbia,21040,https://www.ars.usda.gov/ARSUserFiles/2450/hopcultivars/21040.html,Medium late,Dark green,resistant,resistant,Viruses: free of Prunus Necrotic Ringspot virus (cherry and apple strain) and hop mosaic virus,Excellent,"Very good, 1800 to 2200 lbs per acre",24-40 inches,8.80%,8.8,8.8,8.8,4.00%,4.0,4.0,4.0,40%,40,40,40,1.21 ml/100 g,1.21,,1.21,H/C ratio = 2.26,2.26,,2.26,Humulene 16.7%,16.7,,16.7,Caryophyllene 7.3%,7.3,myrcene 54.6%,54.6,farnesene 4.1%,4.1
6708457e1540d082ce071706,Willamette,21041,https://www.ars.usda.gov/ARSUserFiles/2450/hopcultivars/21041.html,Medium,Dark green,resistant,tolerant to moderately susceptible,"Viruses: free of Prunus, Apple and Hop Mosaic Virus",Excellent,"Very good, 1700-2200 lbs/acre",24-40 inches,6.6% (10 year range: 5.2 to 11.1),11.1,5.2,8.2,3.8% (10 year range: 2.9 to 5.0),5.0,2.9,4.0,29-35%,35,29,32,0.8-1.2 ml/100 g,1.20,0.80,1.00,H/C ratio = 2.89,2.89,,2.89,Humulene 21.2%,21.2,,21.2,caryophyllene 7.4%,7.4,myrcene 51.0%,51.0,farnesene 5.0%,5.0
6708457e1540d082ce07170b,Wye Challenger,21043,https://www.ars.usda.gov/ARSUserFiles/2450/hopcultivars/21043.html,Medium to medium late,Dark green,resistant,resistant,Viruses: unknown,Good to very good,Substantially better than Northern Brewer (USDA [64107](64107.html)). Variable yield performance over a 10-year period in small plots near Corvallis (800-1600 lbs/acre),12-20 inches,7.9% (10-year range 6.2-9.8%),9.8,6.2,8.0,4.6% (10-year range 3.6-5.9%),5.9,3.6,4.8,23%,23,23,23,1.35 ml/100 g (10-year range 0.60-1.90 ml/100 g). Humulene 16.4%; caryophyllene 5.5%; myrcene 55.1%; farnesene 0.6%. H/C ratio = 2.99,1.35,,1.35,H/C ratio = 2.99,2.99,,2.99,Humulene 16.4%,16.4,,16.4,caryophyllene 5.5%,5.5,myrcene 55.1%,55.1,farnesene 0.6%,0.6
6708457e1540d082ce07170e,Wye Northdown,21044,https://www.ars.usda.gov/ARSUserFiles/2450/hopcultivars/21044.html,Medium late,Dark green,resistant,resistant,Viruses: unknown,Good to very good but variable in USDA test plots near Corvallis,,12-24 inches,8.3% (10-year range 6.2-9.8%),9.8,6.2,8.0,4.6% (lO-year range 3.6-5.9%),5.9,3.6,4.8,23%,23,23,23,1.35 ml/100 g (lO-year range 0.6-1.90),1.35,,1.35,,,,,unknown,,,,unknown,,unknown,,,
6708457e1540d082ce0716b6,Serebrianka,21045,https://www.ars.usda.gov/ARSUserFiles/2450/hopcultivars/21045.html,early,dark green,moderately resistant,,Viruses: no information,poor,very poor,6 - 12 inches,3 - 4 %,4.0,3.0,3.5,3 %,3.0,3.0,3.0,23 %,23,23,23,0.41 ml/100 g,0.41,,0.41,H/C ratio = 3.30,3.30,,3.30,Humulene 27%,27.0,,27.0,caryophyllene 8 %,8.0,myrcene 30%,30.0,farnesene 12%,12.0
6708457e1540d082ce0716d7,Styrian,21049,https://www.ars.usda.gov/ARSUserFiles/2450/hopcultivars/21049.html,Early,Dark Green,resistant,moderately susceptible,"Viruses: free of Prunus, Apple Mosaic, and Hop Mosaic Viruses",Medium,Medium low: 1200-1500 lbs/acre,Short (12-24 inches),5.6% (10 year range: 4.2 to 7.8),7.8,4.2,6.0,3.0% (10 year range: 2.1 to 6.4),6.4,2.1,4.3,28%,28,28,28,0.92 ml/100 g,0.92,,0.92,,,,,unknown,,,,unknown,,unknown,,,
6708457e1540d082ce071696,Apolon,21051,https://www.ars.usda.gov/ARSUserFiles/2450/hopcultivars/21051.html,Medium late,Green to light green,moderately resistant,,Viruses: unknown,Good to very good,"Good, but fluctuates over the years",12-24 inches,10-12%,12.0,10.0,11.0,4%,4.0,4.0,4.0,26%,26,26,26,1.3 to 1.6 ml/100 g,1.60,1.30,1.45,H/C ratio 2.25,2.25,,2.25,unknown,,,,unknown,,unknown,,,
6708457e1540d082ce07169c,Atlas,21052,https://www.ars.usda.gov/ARSUserFiles/2450/hopcultivars/21052.html,Medium late to late,Green to moderately light green,moderately resistant,,"Viruses: infected with Apple and Cherry strain of Prunus, Necrotic Ringspot virus, Hop Mosaic virus; shows conspicuous yellow flecking on lower leaves",Fair to good,Poor to good,12-24 inches,9-11%,11.0,9.0,10.0,4%,4.0,4.0,4.0,36%,36,36,36,1.3-1.6 ml/100 g,1.60,1.30,1.45,H/C ratio 1.8-2.1,2.10,1.80,1.95,unknown,,,,unknown,,unknown,,,
6708457e1540d082ce07169f,Aurora,21053,https://www.ars.usda.gov/ARSUserFiles/2450/hopcultivars/21053.html,Medium early to medium late,Green to moderately dark green,moderately resistant,,Viruses: unknown,Good to very good,Good to very good,12-30 inches,10-12%,12.0,10.0,11.0,4-5%,5.0,4.0,4.5,22%,22,22,22,1.1-1.8 ml/100 g,1.80,1.10,1.45,H/C ratio 3.27,3.27,,3.27,unknown,,,,unknown,,unknown,,,
6708457e1540d082ce0716cf,Bullion 10A,21056,https://www.ars.usda.gov/ARSUserFiles/2450/hopcultivars/21056.html,Medium early,Dark green,moderately resistant,resistant,Viruses: free of prunus and apple mosaic virus,Excellent,"High, 2000-2500 lbs/acre",20-40 inches,10.7% (10 year range: 8.0 to 13.8%),13.8,8.0,10.9,5.2% (10 year range: 2.8 to 6.9%),6.9,2.8,4.9,42%,42,42,42,1.55 ml/100 g (10 year range: 0.58 to 2.50),1.55,,1.55,,,,,unknown,,,,unknown,,unknown,,,
6708457e1540d082ce07169b,Saazer,21077,https://www.ars.usda.gov/ARSUserFiles/2450/hopcultivars/21077.html,Early,Medium green,moderately resistant,,Viruses: carries prunus necrotic ringspot virus (apple strain) and hop Mosaic virus,"poor, especially in early spring when sleepers (lack of growth) are common","poor, less than 800 lbs/acre",6 - 10 inches,4.3% (10 year range: 2.8 - 6.6),6.6,2.8,4.7,3.6% (10 year range: 2.7 - 4.6),4.6,2.7,3.7,24%,24,24,24,0.62 ml/100 grams (7 year range: 0.30 - 1.07),0.62,,0.62,,,,,unknown,,,,unknown,,unknown,,,
6708457e1540d082ce071698,Record,21078,https://www.ars.usda.gov/ARSUserFiles/2450/hopcultivars/21078.html,Early,Medium green,moderately resistant,,"Viruses: infected with Prunus Necrotic Ringspot virus, hop mosaic and hop latent virus.",Medium to good,"Low, about 1200 lbs/acre",10-15 inches,8.9% (10-year range 7-12%),12.0,7.0,9.5,6.6% (10-year range 4-8%),8.0,4.0,6.0,27%,27,27,27,1.82 ml/100 g (10-year average),1.82,,1.82,H/C ratio 3.0,3.00,,3.00,Humulene 26-28%,28.0,26.0,27.0,unknown,,myrcene below 50%,,,
6708457e1540d082ce0716b4,Blue Northern Brewer,21079,https://www.ars.usda.gov/ARSUserFiles/2450/hopcultivars/21079.html,early,dark reddish blue,moderately resistant,resistant to tolerant,"Viruses: free of PNRV , Apple Mosaic virus and American Hop Latent Virus",,very poor,6 - 12 inches,6 - 8%,8.0,6.0,7.0,3 - 4%,4.0,3.0,3.5,24%,24,24,24,0.76 ml/100 g,0.76,,0.76,H/C ratio = 2.96,2.96,,2.96,Humulene 29%,29.0,,29.0,caryophyllene 1w0%,10.0,myrcene 27 - 40%,40.0,none,
6708457e1540d082ce0716a5,Backa,21080,https://www.ars.usda.gov/ARSUserFiles/2450/hopcultivars/21080.html,Late,Light green,moderately susceptible,,Viruses: unknown,Good to very good,"Fair to good in U.S. trials, very good in Yugoslavia",12-30 inches,Slightly lower than USDA 56002,5.9,2.1,4.0,Slightly lower than USDA 56002,,,,25%,25,25,25,"1.19 ml/100 g (range 0.73-1.72 ml/100 g); humulene 19%, H/C ratio 3.13",1.19,,1.19,H/C ratio 3.13,3.13,,3.13,Humulene 19%,19.0,,19.0,unknown,,unknown,,,
6708457e1540d082ce071705,Neoplanta,21082,https://www.ars.usda.gov/ARSUserFiles/2450/hopcultivars/21082.html,Late,Dark green,moderately resistant to resistant,,Viruses: unknown,Excellent to very good,Very good,20-30 inches,9.1% (10-year range 7.4-12.0%),12.0,7.4,9.7,3.9% (10-year range 2.9-5.0%),5.0,2.9,4.0,36%,36,36,36,"1.28 ml/100 g; humulene 20%, H/C ratio 2.30; contains about 5% farnesene.",1.28,,1.28,H/C ratio 2.30,2.30,,2.30,Humulene 20%,20.0,,20.0,unknown,,unknown,,contains about 5% farnesene.,5.0
6708457e1540d082ce071700,Vojvodina,21083,https://www.ars.usda.gov/ARSUserFiles/2450/hopcultivars/21083.html,Very late,Dark green,resistant,,Viruses: unknown,Very good,Very good,20-36 inches,8.6% (10-year range 6.1-10.5%),10.5,6.1,8.3,3.6% (10-year range 2.3-4.7%),4.7,2.3,3.5,30%,30,30,30,0.90 ml/100 g (range 0.6-1.4 ml/100 g),0.90,,0.90,H/C ratio 2.67,2.67,,2.67,Humulene 13%,13.0,,13.0,unknown,,unknown,,contains little farnesene,
6708457e1540d082ce0716e9,Cascade,21092,https://www.ars.usda.gov/ARSUserFiles/2450/hopcultivars/21092.html,Medium to medium late,Medium green to dark green,resistant,moderately resistant to tolerant,"Viruses: free of Prunus Necrotic Ringspot virus and Apple mosaic Virus; infected with Hop Mosaic, Hop Latent, and American Hop Latent viruses.",Very good,"Very good, 1800-2200 lbs/acre",20-30 inches,6.3% (7-year range 5.1-8.9%),8.9,5.1,7.0,5.6% (7-year range 3.6-7.5%),7.5,3.6,5.6,36-40%,40,36,38,1.24 ml/100 g,1.24,,1.24,H/C ratio - 2.67,2.67,,2.67,Humulene 10%,10.0,,10.0,unknown,,unknown,,about 4%,4.0
6708457e1540d082ce071710,Northern Brewer,21093,https://www.ars.usda.gov/ARSUserFiles/2450/hopcultivars/21093.html,Early,Medium to dark green,moderately resistant,resistant,Viruses: free of Prunus Necrotic Ringspot and Apple Mosaic; infected with Hop Mosaic and Hop Latent viruses. Probably free of American Hop Latent virus.,Poor to moderate,"Low, 800-1200 lbs/acre",12-20 inches,10.6% (7-year range 13.5-8.8%),13.5,8.8,11.2,4.2% (7-year range 3.4-5.2%),5.2,3.4,4.3,24%,24,24,24,1.60 ml/100 g (7-year range 1.0 to 2.1 ml per 100 g),1.60,,1.60,,,,,unknown,,,,unknown,,unknown,,,
6708457e1540d082ce0716d0,Hueller Bitter,21097,https://www.ars.usda.gov/ARSUserFiles/2450/hopcultivars/21097.html,Medium,Light green,resistant,resistant,Viruses: unknown,Very good,Very good in Germany but variable in US test plots near Corvallis (10-year range 900-1700 lbs/acre with 1200 lbs/acre average),12-28 inches,8.5% (10-year range 6-10%),10.0,6.0,8.0,4.4% (10-year range 3.8-5.4%),5.4,3.8,4.6,28%,28,28,28,1.40 ml/100 g (10-year range 0.64-2.20),1.40,,1.40,,,,,unknown,,,,unknown,,unknown,,,
6708457e1540d082ce071712,Wye Target,21112,https://www.ars.usda.gov/ARSUserFiles/2450/hopcultivars/21112.html,Medium late,Dark green,resistant,moderately resistant to tolerant,Viruses: free of all hop viruses when received,Very good,Very good: 1800-2200 lbs/acre but variable,24-36 inches,12.6% (10 year range: 8.9 to 15.2),15.2,8.9,12.1,5.3% (10 year range: 3.9 to 6.9),6.9,3.9,5.4,33-36%,36,33,35,1.69 ml/100 g (10 year range: 0.82 to 2.32),1.69,,1.69,,,,,unknown,,,,unknown,,unknown,,,
6708457e1540d082ce0716f0,Lubelska,21113,https://www.ars.usda.gov/ARSUserFiles/2450/hopcultivars/21113.html,Early,Medium dark green,moderately resistant,,"Viruses: heavily infected with several hop viruses, notably Prunus necrotic ring spot",Poor,"Low (300-700 lbs/acre near Corvallis, probably somewhat higher in Poland)",24-36 inches,12.6% (10 year range: 8.9 to 15.2),15.2,8.9,12.1,5.3% (10 year range: 3.9 to 6.9),6.9,3.9,5.4,33-36%,36,33,35,1.69 ml/100 g (10 year range: 0.82 to 2.32),1.69,,1.69,,,,,unknown,,,,unknown,,unknown,,,
6708457e1540d082ce0716ff,Nadwislanska,21114,https://www.ars.usda.gov/ARSUserFiles/2450/hopcultivars/21114.html,Early,Green to dark green,moderately resistant,,Viruses: Infected with prunus necrotic ringspot virus and several other hop viruses,Poor,"Low (200-400 lbs/acre near Corvallis, probably higher in Poland)",6-20 inches,3-5%,5.0,3.0,4.0,2.5-5%,5.0,2.5,3.8,23%,23,23,23,0.5 ml/100 g,0.50,,0.50,H/C = 3.33,3.33,,3.33,humulene 27% of the oil,27.0,,27.0,unknown,,unknown,,,
6708457e1540d082ce071724,Pocket Talisman,21115,https://www.ars.usda.gov/ARSUserFiles/2450/hopcultivars/21115.html,Late,Light green,tolerant,,Viruses: unknown,Good to poor,Medium to poor,12-24 inches,6%,6.0,6.0,6.0,3.20%,3.2,3.2,3.2,55%,55,55,55,0.63 ml/100 g,0.63,,0.63,H/C 1.09,1.09,,1.09,unknown,,,,unknown,,very high myrcene (65-70%),70.0,,
6708457e1540d082ce0716c6,"Brewer's Gold, v.f. (virus free)",21116,https://www.ars.usda.gov/ARSUserFiles/2450/hopcultivars/21116.html,Late,Light green,moderately resistant,resistant,Viruses free of Prunus Necrotic Ringspot Virus and Apple Mosaic Virus,Excellent,High: 2200-2600 lbs/acre,24-40 inches,9.7% (10 year range: 8.1 to 13.1),13.1,8.1,10.6,4.7% (10 year range: 3.7 to 6.8),6.8,3.7,5.3,41%,41,41,41,1.90ml/100 g (10 year range: 0.81 to 3.04),1.90,,1.90,unknown,,,,unknown,,,,unknown,,unknown,,,
6708457e1540d082ce0716d2,Hybrid-2,21167,https://www.ars.usda.gov/ARSUserFiles/2450/hopcultivars/21167.html,Medium to late,Medium green,moderately susceptible,,Viruses: unknown,Good,1400-2000 lbs/acre,12-36 inches,10.2% (5-year range 7.9-12.5%),12.5,7.9,10.2,6.3% (5-year range 4.4-7.5%),7.5,4.4,6.0,32%,32,32,32,0.91% (5-year range 0.62-1.15 ml/100 g),0.91,,0.91,unknown,,,,unknown,,,,unknown,,unknown,,,
6708457e1540d082ce071726,Precoce de Bourgogne,21168,https://www.ars.usda.gov/ARSUserFiles/2450/hopcultivars/21168.html,Early to medium early,Dark green,moderately resistant,moderately resistant,Viruses: unknown,Medium to poor,"Low, 1200-1500 lbs/acre",12-20 inches,3.4% (3-year range: 3.1-3.7),3.7,3.1,3.4,3.1% (3-year range: 2.6-3.5),3.5,2.6,3.1,23%,23,23,23,0.34 ml/100 g (3 year range: 0.39-0.53),0.34,,0.34,unknown,,,,unknown,,,,unknown,,unknown,,Contains significant amounts of farnesene,
6708457e1540d082ce0716e2,Tardif de Bourgogne,21169,https://www.ars.usda.gov/ARSUserFiles/2450/hopcultivars/21169.html,Late,Dark green,moderately resistant,,Viruses: unknown,Fair to good,"Medium, 1200-1600 lbs/acre",12-20 inches,4.3% (3-year range: 3.1-5.5),5.5,3.1,4.3,4.8% (3-year range: 3.1-5.5),5.5,3.1,4.3,20%,20,20,20,0.65 ml/100 g (3-year range 0.49-0.73),0.65,,0.65,H/C ratio 2.60,2.60,,2.60,unknown,,,,unknown,,unknown,,,
6708457e1540d082ce07171d,Elsaesser,21170,https://www.ars.usda.gov/ARSUserFiles/2450/hopcultivars/21170.html,Early,Medium Green,moderately resistant,,Viruses: unknown,Poor,,,unknown,,,,unknown,,,,26%,26,26,26,0.63 ml/100 g,0.63,,0.63,H/C ratio 3.5,3.50,,3.50,Humulene 32%,32.0,,32.0,unknown,,unknown,,contains some farnesene,
6708457e1540d082ce0716e4,Landhopfen,21172,https://www.ars.usda.gov/ARSUserFiles/2450/hopcultivars/21172.html,Early,Light green,moderately resistant,,Viruses: unknown,Poor to good,"Low, under 1000 lbs/acre",6-15 inches,3.5% (4-year range: 3.2-4.1%),4.1,3.2,3.7,3.2% (4-year range: 2.5-3.5%),3.5,2.5,3.0,23% (4-year range 21-25%),25,21,23,0.37 ml/100 g (4-year range: 0.25-0.45),0.37,,0.37,H/C ratio 3.54,3.44,,3.44,unknown,,,,unknown,,unknown,,contains significant amounts of farnesene,
6708457e1540d082ce0716d5,Strisselspalter,21173,https://www.ars.usda.gov/ARSUserFiles/2450/hopcultivars/21173.html,Medium early to medium late,Green to dark green,moderately resistant,tolerant to resistant,Viruses: unknown,Good to poor,"800 lbs/acre near Corvallis, probably higher in the Alsace area of France where it is grown commercially",12-24 inches,4.8% (8-year range 4.1-57%),5.7,4.1,4.9,3.3% (8-year range 2.5-3.9%),3.9,2.5,3.2,27%,27,27,27,0.9 ml/100 g,0.90,,0.90,H/C = 2.80,2.80,,2.80,humulene 28-32% of the oil,32.0,28.0,30.0,unknown,,unknown,,,
6708457e1540d082ce0716c1,Hersbrucker E,21179,https://www.ars.usda.gov/ARSUserFiles/2450/hopcultivars/21179.html,late,dark green,moderately susceptible,resistant,Viruses: free of PNRV and ApMV at time of receipt,very good,good to very good,"20 to 40 inches, sometimes longer",4 - 6%,6.0,4.0,5.0,5 - 7%,7.0,5.0,6.0,22 - 24%,24,22,23,0.63 ml/100 g,0.63,,0.63,Humulene 29%; caryophyllene 9%; myrcene 46%; farnesene trace,,,#DIV/0!,Humulene 29%,29.0,,29.0,caryophyllene 9%,9.0,myrcene 46%,46.0,farnesene trace,
6708457e1540d082ce07169a,Galena,21182,https://www.ars.usda.gov/ARSUserFiles/2450/hopcultivars/21182.html,Medium to medium early,Medium to light green,moderately resistant,resistant,Viruses: free of prunus necrotic ringspot virus and apple mosaic virus,Very good,"Very good, 1600-2000 lbs/acre",20-40 inches,12.0% (10 year range: 8.02 to 14.9%),14.9,8.0,11.5,7.5 (10 year range: 4.6 to 9.0%),9.0,4.6,6.8,39%,39,39,39,1.05 ml/100 g (10 year range: 0.55 to 2.03); Myrcene 55.2%; humulene 9.2%; caryophyllene 4.1%; farnesene trace; H/C ratio = 2.24,1.05,,1.05,H/C ratio = 2.24,2.24,,2.24,Humulene 9.2%,9.2,,9.2,caryophyllene 4.1%,4.1,myrcene 55.2%,55.2,farnesene trace,
6708457e1540d082ce071720,Eroica,21183,https://www.ars.usda.gov/ARSUserFiles/2450/hopcultivars/21183.html,Late,Medium to medium dark green,moderately resistant,resistant,"Viruses: slight infection with Prunus Necrotic Ringspot, Ringspot, Apple Mosaic, and Hop Mosaic",Very good,Very good to excellent (1800-2200 lbs/acre),20-40 inches,12.3% (10-year range 7.3 to 14.9%),14.9,7.3,11.1,4.5% (10-year range 3.0 to 5.3%),5.3,3.0,4.2,40%,40,40,40,O.90 ml/100 g,0.90,,0.90,H/C ratio 0.07,0.07,,0.07,unknown,,,,unknown,,unknown,,,
6708457e1540d082ce0716c4,Hersbrucker,21185,https://www.ars.usda.gov/ARSUserFiles/2450/hopcultivars/21185.html,Late,Dark green,tolerant to moderately susceptible,moderately resistant to tolerant,"Viruses: infected with some hop viruses, but virusfree clones are now available",Very good,Good to very good,12-36 inches,4.6% (10-year range 3.8 to 7.4%),7.4,3.8,5.6,6.8% (10-year range 5.0-8.6%),8.6,5.0,6.8,25%,25,25,25,0.68 ml/100 g,0.68,,0.68,H/C = 3.21,3.21,,3.21,humulene 26.5%,26.5,,26.5,unknown,,unknown,,,
6708457e1540d082ce0716cb,Spalter,21186,https://www.ars.usda.gov/ARSUserFiles/2450/hopcultivars/21186.html,Early,Medium green,moderately resistant,,Viruses: unknown,Poor,"Low, under 1000 lbs/acre",6-15 inches,5.7% (5-year range: 3.6-7.5%),7.5,3.6,5.6,4.6% (5-year range: 3.0-6.2%),6.2,3.0,4.6,23% (5-year range: 20-25%),25,20,23,0.62 ml/100 g (5-year range 0.31-1.03),0.62,,0.62,H/C ratio 3.43,3.43,,3.43,unknown,,,,unknown,,unknown,,,
6708457e1540d082ce0716c5,Southern Brewer,21187,https://www.ars.usda.gov/ARSUserFiles/2450/hopcultivars/21187.html,,,,resistant,Viruses: unknown,Very good,"High, 1500-2000 lbs/acre, sometimes higher",20-40 inches,9.8% (5-year range: 5.6-12.0%),12.0,5.6,8.8,4.4% (5-year range: 2.8-5.0%),5.0,2.8,3.9,40% (5-year range: 33-42%),42,33,38,0.94 ml/100 g (5-year range: 0.43-1.03),0.94,,0.94,unknown,,,,unknown,,,,unknown,,unknown,,,
6708457e1540d082ce0716da,Bullion 6A,21196,https://www.ars.usda.gov/ARSUserFiles/2450/hopcultivars/21196.html,Medium early,Dark green,moderately resistant,resistant,Viruses: free of prunus and apple mosaic virus,Excellent,"High, 2000-2500 lbs/Acre",24-40 inches,10.20%,10.2,10.2,10.2,5.10%,5.1,5.1,5.1,38-42%,42,38,40,1.42 ml/100 g,1.42,,1.42,unknown,,,,unknown,,,,unknown,,unknown,,,
6708457e1540d082ce0716fa,US Tettnanger,21197,https://www.ars.usda.gov/ARSUserFiles/2450/hopcultivars/21197.html,Early,Medium to medium dark green,resistant,resistant,Viruses: originally free of Prunus Necrotic Ringspot and Apple Mosaic Virus,Fair to good,Low to medium (1000-1300 lbs/acre),12-36 inches,5.8% (10-year range 3.5 to 8.8%),8.8,3.5,6.2,2.9% (10-year range 2.1 to 4.4%),4.4,2.1,3.3,27% (10-year range 24 to 31%),31,24,28,0.87 ml/100 g,0.87,,0.87,H/C ratio 3.1,3.10,,3.10,unknown,,,,unknown,,unknown,,,
6708457e1540d082ce0716bc,Sirem,21214,https://www.ars.usda.gov/ARSUserFiles/2450/hopcultivars/21214.html,Early,Dark green,moderately susceptible,,Viruses: infected with all five hop viruses,Poor,Poor (about 200 lbs/acre in Corvallis test plots; probably higher in Czechoslovakia where it is better adapted),6-10 inches,3.50%,3.5,3.5,3.5,3.10%,3.1,3.1,3.1,23%,23,23,23,0.47 ml/100 g,0.47,,0.47,H/C ratio = 3.70,3.70,,3.70,unknown,,,,unknown,,unknown,,,
6708457e1540d082ce071708,Nordgaard,21215,https://www.ars.usda.gov/ARSUserFiles/2450/hopcultivars/21215.html,early,"dark green, reddish stem color",moderately resistant to tolerant,,Viruses: no information,fair to poor,"poor, ranging from 300 to 1,100 lbs/acre in Corvallis plots",8 to 20 inches,7.50%,7.5,7.5,7.5,3.40%,3.4,3.4,3.4,29%,29,29,29,0.94 ml/100 g,0.94,,0.94,H/C ratio = 2.54,2.54,,2.54,Humulene 26.8%,26.8,,26.8,caryophyllene 10.5%,10.5,myrcene 47.3%,47.3,farnesene 1.7%,1.7
6708457e1540d082ce0716a3,Groene Bel,21216,https://www.ars.usda.gov/ARSUserFiles/2450/hopcultivars/21216.html,medium to late,dark green,,,,fair to poor in Corvallis test plots,poor in Corvallis test plots,"short, 8 to 12 inches",4.90%,4.9,4.9,4.9,3.50%,3.5,3.5,3.5,27%,27,27,27,0.98 ml/100 g,0.98,,0.98,H/C ratio = 2.41,2.41,,2.41,Humulene 31.5%,31.5,,31.5,caryophyllene 17.9%,17.9,myrcene 39.0%,39.0,,
6708457e1540d082ce0716d1,Star,21217,https://www.ars.usda.gov/ARSUserFiles/2450/hopcultivars/21217.html,early,medium green,tolerant,,Viruses: no information,poor,"poor , averaging under 500 lbs/acre in Corvallis test plots",6 to 20 inches,3.20%,3.2,3.2,3.2,1.70%,1.7,1.7,1.7,24%,24,24,24,0.47 ml/100 g,0.47,,0.47,H/C ratio = 2.91,2.91,,2.91,Humulene 33.9%,33.9,,33.9,caryophyllene 11.7%,11.7,myrcene 34.2%,34.2,farnesene 3.7%,3.7
6708457e1540d082ce071723,Eroica,21220,https://www.ars.usda.gov/ARSUserFiles/2450/hopcultivars/21220.html,Late,Medium to medium dark green,moderately resistant,resistant,"Viruses: slight infection with Prunus Necrotic, Ringspot, Apple Mosaic, and Hop Mosaic",Very good,Very good to excellent (1800-2200 lbs/acre),20-40 inches,12.3% (5-year range 10.2-14.7),14.7,10.2,12.5,4.7 (5-year range 3.8-5.2%),5.2,3.8,4.5,41%,41,41,41,1.10 ml/100 g; contains little or no humulene,1.10,,1.10,unknown,,,,unknown,,,,unknown,,unknown,,,
6708457e1540d082ce071699,Aquila,21222,https://www.ars.usda.gov/ARSUserFiles/2450/hopcultivars/21222.html,Medium late to late,"Light green, similar to Brewer's Gold",moderately resistant,resistant,Viruses: unknown,Very good,"Very good, 2120 lbs/acre average over a 5-year period",20-30 inches,7.1% (5-year range 6.7 to 8.9%),8.9,6.7,7.8,4.3% (5-year range 4.1 to 4.9%),4.9,4.1,4.5,46%,46,46,46,1.45 ml/100 g,1.45,,1.45,unknown,,,,unknown,,,,unknown,,unknown,,,
6708457e1540d082ce071713,Olympic,21225,https://www.ars.usda.gov/ARSUserFiles/2450/hopcultivars/21225.html,Medium to medium late,Medium green,moderately resistant,resistant,"Viruses: free of prunus necrotic ringspot and apple mosaic virus, carries hop mosaic and American hop latent virus",Very good,1600-2200 lbs/acre,18-36 inches,13.0 (5-year range: 10.6 to 13.8),13.8,10.6,12.2,5.5% (5-year range: 3.8 to 6.1),6.1,3.8,5.0,31%,31,31,31,1.64 ml/100 g (5 year range: 0.86 to 2.55),1.64,,1.64,unknown,,,,unknown,,,,unknown,,unknown,,,
6708457e1540d082ce0716f8,Chinook,21226,https://www.ars.usda.gov/ARSUserFiles/2450/hopcultivars/21226.html,Medium to medium late,Medium green,moderately resistant,resistant,Viruses: susceptible to hop mosaic virus,,1800-2400 lbs/acre,24-40 inches,13.6 (5 year average: 13.9-15.3%),15.3,13.9,14.6,3.9% (5-year average 3.6 to 4.5),4.5,3.6,4.1,33%,33,33,33,1.83 ml/100 g (5-year range 1.24 to 2.63),1.83,,1.83,unknown,,,,unknown,,,,unknown,,unknown,,,
6708457e1540d082ce07171e,Perle,21227,https://www.ars.usda.gov/ARSUserFiles/2450/hopcultivars/21227.html,"Midseason in Germany, early in U.S.",Light green,resistant,resistant,"Viruses: free of all hop viruses, except hop latent virus",Very good,"Good to very good, 1500-1900 lbs/A",24-30 inches,"8-9% in Germany, up to 11% in U.S. (5 yr. U.S. range: 7.9 to 12.9%)",12.9,7.9,10.4,"4-5% in U.S., 8% in Germany (5 yr. U.S. range: 2.9 to 5.0%)",5.0,2.9,4.0,28%,28,28,28,"0.6-1.2 ml/100 g, no farnesene",1.20,0.60,0.90,unknown,,,,unknown,,,,unknown,,unknown,,,
6708457e1540d082ce0716b1,Blisk,21238,https://www.ars.usda.gov/ARSUserFiles/2450/hopcultivars/21238.html,Medium to medium late,Dark green,resistant,unknown,Viruses: unknown,Very good,1750 lbs/acre (10-year range 1200 to 2900 lbs/acre),20-30 inches,11.5% (10-year range 9.7 to 14.1%),14.1,9.7,11.9,4% (10-year range 3.3 to 4.8%),4.8,3.3,4.1,33%; colupulone 62%,33,33,33,2.01 ml/100 g (10-year range 1.24-3.24 ml/100 g),2.01,,2.01,H/C - 2.80,2.80,,2.80,Humulene 11.5%,11.5,,11.5,unknown,,unknown,,,
6708457e1540d082ce0716b7,Bobek,21239,https://www.ars.usda.gov/ARSUserFiles/2450/hopcultivars/21239.html,Medium to medium early,Dark green,moderately resistant,resistant,Viruses: unknown,Fair,Poor (about 800 lbs/acre in Oregon test plots),12-20 inches,8.1% (10-year range 6.0 to 9.3%),9.3,6.0,7.7,5.0% (10-year range 4.0 to 6.6%),6.6,4.0,5.3,26%; colupulone 48%,26,26,26,1.4 ml/100 g (10-year range 0.82 to 2.67); humulene 12.4%; caryophyllene 4.3%;farnesene 3.0%. H/C ratio=2.96,1.40,,1.40,H/C ratio=2.96,2.96,,2.96,Humulene 12.4%,12.4,,12.4,caryophyllene 4.3%,4.3,unknown,,farnesene 3.0%,3.0
6708457e1540d082ce0716c9,Buket,21240,https://www.ars.usda.gov/ARSUserFiles/2450/hopcultivars/21240.html,Medium to medium early,Dark green,resistant to moderately resistant,resistant,Viruses: unknown,Fair,Fair to good; 10-year average 1060 lbs/acre (range 800 to 1800 lbs/acre),6-20 inches,11.0% (10-year range 8.7 to 13.5%),13.5,8.7,11.1,4.9 (10-year range 4.2 to 6.3%),6.3,4.2,5.3,24%; colupulone 48%,24,24,24,2.15 ml/100 g (10-year range 1.0 to 2.9 ml/100 g),2.15,,2.15,H/C - 2.91,2.91,,2.91,humulene = 17.1,17.1,,17.1,unknown,,unknown,,contains some farnesene,
6708457e1540d082ce07170f,Early Prolific,21276,https://www.ars.usda.gov/ARSUserFiles/2450/hopcultivars/21276.html,Early,Light green,moderately resistant,,Viruses: unknown,Fair to poor,Poor (4-year range 500-600 lbs/acre near Corvallis),10-24 inches,4.70%,4.7,4.7,4.7,2.20%,2.2,2.2,2.2,23%,23,23,23,0.5 ml/100 g,0.50,,0.50,H/C 2.88,2.88,,2.88,humulene 21.2%,21.2,,21.2,unknown,,unknown,,,
6708457e1540d082ce071711,Early Promise,21277,https://www.ars.usda.gov/ARSUserFiles/2450/hopcultivars/21277.html,Early,Light green,moderately resistant,,Viruses: unknown,Fair to poor,"Poor, 600-800 lbs/acre near Corvallis",6-20 inches,6.10%,6.1,6.1,6.1,1.70%,1.7,1.7,1.7,30%,30,30,30,0.5 ml/100 g,0.50,,0.50,H/C ~ 2.77,2.77,,2.77,Humulene 18.4%,18.4,,18.4,unknown,,unknown,,,
6708457e1540d082ce0716d8,Keyworths Early,21278,https://www.ars.usda.gov/ARSUserFiles/2450/hopcultivars/21278.html,early,light green,moderately susceptible,resistant,Viruses: no information,fair to good,"poor in Corvallis test plots, fair to good in England",12 to 18 inches,8.60%,8.6,8.6,8.6,3.30%,3.3,3.3,3.3,33%,33,33,33,1.39 ml/100 g,1.39,,1.39,H/C ratio = 3.04,3.04,,3.04,Humulene 22%,22.0,,22.0,caryophyllene 7.2%,7.2,myrcene 44.9%,44.9,farnesene trace,
6708457e1540d082ce0716db,Keyworth's Midseason,21279,https://www.ars.usda.gov/ARSUserFiles/2450/hopcultivars/21279.html,medium early,light green,moderately resistant,moderately resistant,Viruses: no information,good to very good,"good to very good, 1,500 to 2,200 lbs/acre in Corvallis test plots",18 to 30 inches,7.50%,7.5,7.5,7.5,3.10%,3.1,3.1,3.1,46%,46,46,46,0.89 ml/100 g,0.89,,0.89,Humulene 13.4%; caryophyllene 10%; myrcene 55.8%; farnesene trace,unknown,unknown,unknown,Humulene 13.4%,13.4,,13.4,caryophyllene 10%,10.0,myrcene 55.8%,55.8,farnesene trace,
6708457e1540d082ce07168f,Pride of Kent,21280,https://www.ars.usda.gov/ARSUserFiles/2450/hopcultivars/21280.html,medium early,light green,moderately resistant,moderately resistant,Viruses: no information,good,"fair to good, 900 to 1,400 lbs/acre in Oregon test plots",12 to 20 inches,8 to 11%,11.0,8.0,9.5,6 - 8%,8.0,6.0,7.0,35%,35,35,35,2.32 ml/100 g,2.32,,2.32,H/C ratio = 2.74,2.74,,2.74,Humulene 9.4%,9.4,,9.4,caryophyllene 3.4%,3.4,myrcene 69.8%,69.8,farnesene trace,
6708457e1540d082ce0716dc,Sunshine,21281,https://www.ars.usda.gov/ARSUserFiles/2450/hopcultivars/21281.html,Medium-early to medium,"Lemon yellow, light green",moderately resistant,unknown,Viruses: unknown,Fair to good,"Poor, 500-800 lbs/acre",12-20 inches,7.5% (3-year range 6.7-8.2%),8.2,6.7,7.5,2.7% (3-year range 2.1-3.1%),3.1,2.1,2.6,34%,34,34,34,1.35 ml/100 g,1.35,,1.35,H/C - 0.19,0.19,,0.19,humulene 0.9%,0.9,,0.9,unknown,,unknown,,,
6708457e1540d082ce0716b3,Wye Saxon,21282,https://www.ars.usda.gov/ARSUserFiles/2450/hopcultivars/21282.html,early,medium green,moderately resistant,resistant,Viruses: free of all major hop viruses when received,fair to poor,"poor in USDA test plots, good in England",12 - 20 inches,8 - 10%,10.0,8.0,9.0,4-5 %,5.0,4.0,4.5,20%,20,20,20,0.95 ml/100 g,0.95,,0.95,H/C ratio = 2.16,2.16,,2.16,Humulene 11.8%,11.8,,11.8,caryophyllene 5.6%,5.6,myrcene 54%,54.0,farnesene 6.7%,6.7
6708457e1540d082ce0716fd,Wye Viking,21283,https://www.ars.usda.gov/ARSUserFiles/2450/hopcultivars/21283.html,,green,resistant,susceptible,Viruses: free of all 5 major hop viruses when received at Corvallis.,"fair to poor in Oregon, good in England",poor,12 to 20 inches,8 - 10%,10.0,8.0,9.0,4 - 5%,5.0,4.0,4.5,21 - 24 %,24,21,23,1.16 ml/100 g,1.16,,1.16,H/C ratio = 2.31,2.31,,2.31,Humulene 10.5%,10.5,,10.5,caryophyllene 5.3%,5.3,myrcene 47.3%,47.3,Farnesene 9.1%,9.1
6708457e1540d082ce0716bd,Bramling,21284,https://www.ars.usda.gov/ARSUserFiles/2450/hopcultivars/21284.html,Early,Medium green,moderately susceptible,,Viruses: unknown,"Poor, tends to have spotty regrowth (sleepers) in the spring.",Low (600-1000 lbs/acre),12 inches,5.80%,5.8,5.8,5.8,3.00%,3.0,3.0,3.0,27%,27,27,27,0.90 ml/100 g,0.90,,0.90,unknown,,,,unknown,,,,unknown,,unknown,,,
6708457e1540d082ce0716ba,BOR 704,21285,https://www.ars.usda.gov/ARSUserFiles/2450/hopcultivars/21285.html,early,light green,moderately susceptible,tolerant,Viruses: no information,fair to good,"fair to poor (900 to 1600 lbs/acre, but very variable)",12 to 30 inches,2 - 3 %,3.0,2.0,2.5,3 - 4 %,4.0,3.0,3.5,16 - 20 %,20,16,18,0.65 ml/100 g,0.65,,0.65,Humulene:Caryophyllene 3.5,3.50,,3.50,Humulene 46%,46.0,,46.0,caryophyllene 13%,13.0,myrcene 21%,21.0,farnesene trace,
6708457e1540d082ce0716de,Kirin II,21286,https://www.ars.usda.gov/ARSUserFiles/2450/hopcultivars/21286.html,Very late,Medium green,resistant,,Viruses: unknown,Excellent,Very high (2000-2500 lbs/acre),24-48 inches,8% (3-year range: 6.8-10.3%),10.3,6.8,8.6,6.4% (3-year range: 5.2-8.0%),8.0,5.2,6.6,43-45%,45,43,44,1.15 ml/100 g,1.15,,1.15,unknown,,,,unknown,,,,unknown,,unknown,,,
6708457e1540d082ce0716a8,Banner,21287,https://www.ars.usda.gov/ARSUserFiles/2450/hopcultivars/21287.html,Medium early,Light green,susceptible,moderately resistant,Viruses: unknown,Good to very good,Very good (5-year average in Oregon 2175 lbs/acre in nursery plots; about 1800 lbs/acre in commercial 4-acre plot),12-30 inches,11.1% (5-year range 8.4 to 13.0%),13.0,8.4,10.7,6.5% (5-year range 5.3 to 8.0%),8.0,5.3,6.7,34%,34,34,34,2.17 ml/100 g,2.17,,2.17,Humulene/caryophyllene ratio = 2.35,2.35,,2.35,Humulene 11.8%,11.8,,11.8,caryophyllene 7.7%,7.7,myrcene 66.4%,66.4,farnesene trace,
6708457e1540d082ce0716cd,Horizon,21373,https://www.ars.usda.gov/ARSUserFiles/2450/hopcultivars/21373.html,medium late,green,moderately susceptible,moderately resistant,"Viruses: moderate infection with CARLA viruses (hop mosaic, hop latent and American hop latent viruses)",moderately vigorous,"medium to good, averaging 1,800 to 2,000 lbs/acre in Washington test plots, but somewhat less in Oregon where downy mildew was a problem.",15 to 30 inches,13.6% on average (range: 10.2 to 16.5%),16.5,10.2,13.4,6.3% (range: 4.6 to 9.0 %),9.0,4.6,6.8,19% (range: 17 to 22%),22,17,20,range of 1.25 to 2.60 ml/100 g; 60-70% myrcene; 8-10% humulene; 5-6% caryophyllene; 2% farnesene.,2.60,1.25,1.93,1.5 to 1.7,1.70,1.50,1.60,8-10%,10.0,8.0,9.0,5-6%,6.0,60-70%,70.0,2%,2.0
6708457e1540d082ce0716ee,Tolhurst,21396,https://www.ars.usda.gov/ARSUserFiles/2450/hopcultivars/21396.html,early to medium early,medium green,moderately resistant,,Viruses: no information,poor in Corvallis test plots,"poor in Corvallis plots, averaging 300 to 700 lbs/acre",10 to 20 inches,2.20%,2.2,2.2,2.2,2.90%,2.9,2.9,2.9,31%,31,31,31,0.65 ml/100 g,0.65,,0.65,H/C ratio = 2.55,2.55,,2.55,Humulene 19.4%,19.4,,19.4,caryophyllene 7.7%,7.7,myrcene 42.5%,42.5,farnesene 8.3%,8.3
6708457e1540d082ce071693,AlphAroma,21406,https://www.ars.usda.gov/ARSUserFiles/2450/hopcultivars/21406.html,Late to very late,Dark green,moderately resistant,,Viruses: free of major hop viruses,Very good,"Very good, 6 year average 2330 lbs/acre (range 1100 to 3400 lbs/acre)",20-40 inches,9.4% (6 year range 5.8-10.9%),10.9,5.8,8.4,3.5% (6 year range 2.6-4.8%),4.8,2.6,3.7,27%,27,27,27,1.21 ml/100 g (6 year range 0.63-1.52 ml),1.21,,1.21,H/C 3.43,3.43,,3.43,Humulene 14.6%,14.6,,14.6,unknown,,unknown,,about 5% farnesene,5.0
6708457e1540d082ce0716f9,Mt. Hood,21455,https://www.ars.usda.gov/ARSUserFiles/2450/hopcultivars/21455.html,Medium,Green to light green,moderately resistant,,"Viruses: free of Apple and Cherry serotypes of Prunus Necrotic Ringspot, free of Hop Mosaic, Hop Latent, and American Hop Latent viruses.",Good to very good,"1,400-2,200 kg/ha (1250-1960 lbs/acre)",50-120 cm (20-40 inches),5-7%,7.0,5.0,6.0,6-7.5%,7.5,6.0,6.8,23%,23,23,23,1.4 ml/100 g,1.40,,1.40,H/C ratio 2.5-2.8,2.80,2.50,2.65,Humulene 26-36%,36.0,26.0,31.0,unknown,,unknown,,Farnesene: none,0.0
6708457e1540d082ce0716ed,Liberty,21457,https://www.ars.usda.gov/ARSUserFiles/2450/hopcultivars/21457.html,Medium early,Green to dark green,moderately resistant,,"Viruses: free of major hop viruses, such as Prunus and other strains of Necrotic Ringspot, Hop Latent, and American Hop Latent; slight infection by Hop Mosaic, generally symptomless.",Very good,"Good to very good, 1200-2000 kg/ha (1100-1780 lbs/A)",12-30 inches,"4-6% in Oregon, slightly lower in Washington",6.0,4.0,5.0,3.50%,3.5,3.5,3.5,24-28%,28,24,26,"1.3 ml/100 g (average of 7 different samples); myrcene 46%, humulene 31%, no farnesene; H/C - 3.43",1.30,,1.30,H/C - 3.43,3.43,,3.43,Humulene 31%,31.0,,31.0,unknown,,myrcene 46%,46.0,no farnesene,0.0
6708457e1540d082ce0716f4,Ultra,21484,https://www.ars.usda.gov/ARSUserFiles/2450/hopcultivars/21484.html,medium late,dark green,moderately resistant,moderately resistant,Viruses: free of all 5 major hop viruses at the time of its release (1995),very good,"very good, 1,800 to 2,000 lbs/acre in Oregon and Washington; not adapted to southern Idaho.",24 to 36 inches,3 to 5%,5.0,3.0,4.0,4 to 5%,5.0,4.0,4.5,25 to 30%,30,25,28,1.3 to 1.5 ml/100 g,1.50,1.30,1.40,"30 - 40% humulene, 12 - 14% caryophyllene",2.86,2.50,2.68,Humulene: 30 - 40%,40.0,30.0,35.0,Caryophyllene: 12 - 14%,14.0,myrcene: 30%,30.0,no farnesene,0.0
6708457e1540d082ce071704,Crystal,21490,https://www.ars.usda.gov/ARSUserFiles/2450/hopcultivars/21490.html,medium late to late,dark green,moderately susceptible,resistant,Viruses: free of all major hop viruses at the time of its release,very good,"very good, 1,800 to 2,200 lbs/acre",24 to 48 inches,2.8 to 4.4%,4.4,2.8,3.6,5.8 to 7.0 %,7.0,5.8,6.4,21 to 26%,26,21,24,"0.82 ml/100 g. Humulene 26%, caryophyllene 7/7%, farnesene- trace, Myrcene 47%. Ratio of Humulene/Caryophyllene = 3.38",0.82,,0.82,3.38,3.38,,3.38,Humulene 26%,26.0,,26.0,caryophyllene 7/7%,7.0,Myrcene 47%,47.0,farnesene- trace,
6708457e1540d082ce0716e5,Tettnanger A,21496,https://www.ars.usda.gov/ARSUserFiles/2450/hopcultivars/21496.html,early,dark green,tolerant,tolerant,Viruses: free of all major hop viruses when received,fair to good,"fair to poor, poor clustering and cone set; averaged under 1,000 lbs/acre in Oregon commercial plots (Goschie Farms)",12 to 30 inches,4.40%,4.4,4.4,4.4,5.00%,5.0,5.0,5.0,23%,23,23,23,0.85 ml/100 g,0.85,,0.85,H/C ratio = 3.30,3.30,,3.30,Humulene 16.6%,16.6,,16.6,caryophyllene 5.1%,5.1,Myrcene 47.2%,47.2,farnesene 13.6%,13.6
6708457e1540d082ce0716eb,Tettnanger B,21497,https://www.ars.usda.gov/ARSUserFiles/2450/hopcultivars/21497.html,early,"dark green, but reddish stems especially at side-arm branching",moderately resistant,moderately resistant,Viruses: free of all major hop viruses when received,fair to good,"fair to poor, under 1,000 lbs/ acre in commercial OR plots","12 to 20 inches, sometimes longer",5.30%,5.3,5.3,5.3,5.20%,5.2,5.2,5.2,23%,23,23,23,0.90 ml/100 g. Humulene 14.0%; caryophyllene 4.1%; Myrcene 53.8%; farnesene 11.5%. H/C ratio = 3.40,0.90,,0.90,H/C ratio = 3.40,3.40,,3.40,Humulene 14.0%,14.0,,14.0,caryophyllene 4.1%,4.1,Myrcene 53.8%,53.8,farnesene 11.5%,11.5
6708457e1540d082ce071719,Yeoman,21498,https://www.ars.usda.gov/ARSUserFiles/2450/hopcultivars/21498.html,early to medium early,green,resistant,resistant,Viruses: free of all major hop viruses when received,"fair to good in Corvallis, good in England","fair, 800 to 1,500 lbs/acre in USDA test plots at Corvallis",12 to 24 inches,12 to 16%,16.0,12.0,14.0,4 to 5%,5.0,4.0,4.5,25%,25,25,25,1.7 to 2.4 ml/100 g,2.40,1.70,2.05,H/C ratio = 2.64,2.64,,2.64,Humulene 19.8%,19.8,,19.8,caryophyllene 9.5%,9.5,Myrcene 47.9%,47.9,farnesene trace,
6708457e1540d082ce07171f,Zenith,21499,https://www.ars.usda.gov/ARSUserFiles/2450/hopcultivars/21499.html,medium early,green,resistant,susceptible,Viruses: Free of all major hop viruses when received,fair to good,"fair to poor in USDA test plots at Corvallis, good in England.",12 to 20 inches,9 to 11%,11.0,9.0,10.0,3%,3.0,3.0,3.0,25%,25,25,25,1.76 ml/100 g,1.76,,1.76,H/C ratio = 3.24,3.24,,3.24,Humulene 18.4%,18.4,,18.4,caryophyllene 6.9%,6.9,Myrcene 52.3%,52.3,farnesene trace,
6708457e1540d082ce0716f2,Centennial,21507,https://www.ars.usda.gov/ARSUserFiles/2450/hopcultivars/21507.html,Early to medium early,Light green,moderately resistant,,"Viruses: slight latent infection with Hop Mosaic, Hop Latent, and American Hop Latent viruses, symptomless.",,"Good to very good, 1600-1900 kg/ha (1430-1700 lbs/A)",12-30 inches,9 - 12 %,12.0,9.0,10.5,4-5%,5.0,4.0,4.5,28 - 32%,32,28,30,"2.83 ml/lOOg (average of 3 years) 50% myrcene, 14% humulene, 5% caryophyllene, no farnesene, citrus-floral aroma.",2.83,,2.83,H/C ratio 2.0 to 2.3,2.30,2.00,2.15,unknown,,,,unknown,,unknown,,,
6708457e1540d082ce0716b5,Hersbrucker-6,21514,https://www.ars.usda.gov/ARSUserFiles/2450/hopcultivars/21514.html,,,,,,,,,unknown,,,,unknown,,,,unknown,,,,unknown,,,,unknown,,,,unknown,,,,unknown,,unknown,,,
6708457e1540d082ce0716b8,Hersbrucker-8,21515,https://www.ars.usda.gov/ARSUserFiles/2450/hopcultivars/21515.html,,,,,,,,,unknown,,,,unknown,,,,unknown,,,,unknown,,,,unknown,,,,unknown,,,,unknown,,unknown,,,
6708457e1540d082ce0716bb,Hersbrucker-9,21516,https://www.ars.usda.gov/ARSUserFiles/2450/hopcultivars/21516.html,,,,,,,,,unknown,,,,unknown,,,,unknown,,,,unknown,,,,unknown,,,,unknown,,,,unknown,,unknown,,,
6708457e1540d082ce0716ca,Hersbrucker red-stem,21517,https://www.ars.usda.gov/ARSUserFiles/2450/hopcultivars/21517.html,late,dark green,moderately susceptible,resistant,Viruses: free of major hop viruses when received at Corvallis,good,"good, but variable",20 to 40 inches,5 - 6%,6.0,5.0,5.5,5 - 6%,6.0,5.0,5.5,18%,18,18,18,1.20 ml/100 g,1.20,,1.20,H/C ratio = 1.75,1.75,,1.75,Humulene 10%,10.0,,10.0,caryophyllene 9%,9.0,myrcene 55%,55.0,Farnesene trace,
6708457e1540d082ce0716be,Hersbrucker-alpha,21518,https://www.ars.usda.gov/ARSUserFiles/2450/hopcultivars/21518.html,,,,,,,,,unknown,,,,unknown,,,,unknown,,,,unknown,,,,unknown,,,,unknown,,,,unknown,,unknown,,,
6708457e1540d082ce07169e,Saazer,21521,https://www.ars.usda.gov/ARSUserFiles/2450/hopcultivars/21521.html,Early,Medium green,tolerant to moderately resistant,,"Viruses: free of Prunus Necrotic Ringspot, Apple Mosaic, Hop Mosaic, Hop Latent, and American Hop Latent viruses",Poor to good depending on location,Poor to good depending on location,6-24 inches depending on location and daylength hours during the growing season,2-5%,5.0,2.0,3.5,3-5%,5.0,3.0,4.0,21-24%,24,21,23,0.6-0.9 ml/100 g,0.90,0.60,0.75,,0.75,,0.75,unknown,,,,unknown,,unknown,,,
6708457e1540d082ce0716a1,Saazer,21522,https://www.ars.usda.gov/ARSUserFiles/2450/hopcultivars/21522.html,Early,Medium green,tolerant to moderately resistant,,"Viruses: free of Prunus Necrotic Ringspot, Apple Mosaic, Hop Mosaic, Hop Latent, and American Hop Latent viruses",Good to poor depending on location,Good to poor depending on location,6-24 inches,4-5%,5.0,4.0,4.5,3-5%,5.0,3.0,4.0,21-24%,24,21,23,0.6-0.8 ml/100 g,0.80,0.60,0.70,,0.70,,0.70,unknown,,,,unknown,,unknown,,,
6708457e1540d082ce0716f3,"Lubelska, virus free",21523,https://www.ars.usda.gov/ARSUserFiles/2450/hopcultivars/21523.html,early,dark green,moderately resistant,tolerant,Viruses: Free of PNRV and Apple Mosaic virus at time of receipt,fair to poor,poor,12 to 20 inches,5 - 7 %,7.0,5.0,6.0,3 - 5 %,5.0,3.0,4.0,23 - 25 %,25,23,24,0.88 ml/100 g,0.88,,0.88,H/C ratio = 3.88,3.88,,3.88,Humulene 14%,14.0,,14.0,caryophyllene 4 - 6%,6.0,Myrcene 52%,52.0,Farnesene 12%,12.0
6708457e1540d082ce071702,"Nadwislanska, virus free",21524,https://www.ars.usda.gov/ARSUserFiles/2450/hopcultivars/21524.html,early,dark green,moderately resistant,tolerant,Viruses: Free of PNRV and Apple Mosaic virus,poor,poor,12 - 20 inches,4 - 6 %,6.0,4.0,5.0,4 %,4.0,4.0,4.0,22 %,22,22,22,0.73 ml/100 g,0.73,,0.73,H/C ratio = 3.59,3.59,,3.59,Humulene 13 - 15%,15.0,13.0,14.0,caryophyllene 4 %,4.0,myrcene 56 %,56.0,farnesene 11%,11.0
6708457e1540d082ce0716a7,Osvald Saazer Clone 72Y,21525,https://www.ars.usda.gov/ARSUserFiles/2450/hopcultivars/21525.html,Early,Medium green,tolerant to moderately resistant,,"Viruses: infected with four hop viruses: Prunus Necrotic Ringspot, Apple Mosaic, Hop Mosaic, Hop Latent; free of American Hop Latent Virus.","Poor, especially in early spring when regrowth is sparse (sleepers)",Poor to fair,6-12 inches,3-4%,4.0,3.0,3.5,4-5%,5.0,4.0,4.5,21-24%,24,21,23,"0.5-0.8 ml/100 g; humulene 20-25%, H/C 3.36; contain about 10% farnesene",0.80,0.50,0.65,H/C 3.36,3.36,,3.36,Humulene 20-25%,25.0,20.0,22.5,unknown,,unknown,,about 10% farnesene,10.0
6708457e1540d082ce0716ae,Blato,21527,https://www.ars.usda.gov/ARSUserFiles/2450/hopcultivars/21527.html,Early,Dark green,moderately susceptible,,Viruses: infected with all 5 major hop viruses,Poor,"Poor, under 600 lbs/acre in Corvallis test plots, probably higher in Czechoslovakia",6-10 inches,4.50%,4.5,4.5,4.5,3.50%,3.5,3.5,3.5,21%,21,21,21,unknown,,,,unknown,,,,unknown,,,,unknown,,unknown,,,
6708457e1540d082ce0716f6,Lucan,21528,https://www.ars.usda.gov/ARSUserFiles/2450/hopcultivars/21528.html,Early,Dark green,moderately susceptible,,Viruses: infected with all 5 hop viruses,Poor,"Produced about 300 lbs/acre in Corvallis test plots, probably higher in Czechoslovakia",6-10 inches,4.00%,4.0,4.0,4.0,3.30%,3.3,3.3,3.3,21%,21,21,21,unknown,,,,unknown,,,,unknown,,,,unknown,,unknown,,,
6708457e1540d082ce0716f7,Universal,21531,https://www.ars.usda.gov/ARSUserFiles/2450/hopcultivars/21531.html,Early,Dark green,moderately susceptible,,viruses,"Poor, plants failed to reach the top of the trellis (18 ft.)",Very poor (under 200 lbs/acre in Corvallis test plots),6-10 inches,5.20%,5.2,5.2,5.2,3.70%,3.7,3.7,3.7,23%,23,23,23,unknown,,,,unknown,,,,unknown,,,,unknown,,unknown,,,
6708457e1540d082ce0716a4,Saazer Osvald 72C,21532,https://www.ars.usda.gov/ARSUserFiles/2450/hopcultivars/21532.html,Early,Medium green,tolerant to moderately resistant,,"Viruses: infected with Prunus Necrotic Ring spot, Apple Mosaic, Hop Mosaic and Hop Latent Virus","Poor, especially in early spring when sleepers (lack of re growth) are common","Poor, less than 800 lbs/acre under commercial conditions",6-10 inches,3-4%,4.0,3.0,3.5,4-5%,5.0,4.0,4.5,21-24%,24,21,23,0.5-0.8 ml/100 g,0.80,0.50,0.65,unknown,,,,unknown,,,,unknown,,unknown,,,
6708457e1540d082ce071722,Zlatan,21533,https://www.ars.usda.gov/ARSUserFiles/2450/hopcultivars/21533.html,Early,Dark green,moderately susceptible,,Viruses: infected with all 5 major hop viruses,Poor; plants normally do not reach the top wire (18 ft.),Very poor (about 200 lbs/acre in Oregon nursery plots; higher in Czechoslovakia where it is better adapted),6-10 inches,5.20%,5.2,5.2,5.2,4.30%,4.3,4.3,4.3,21%; colupulone 39%,21,21,21,unknown,,,,unknown,,,,unknown,,,,unknown,,unknown,,,
6708457e1540d082ce0716ad,Tetraploid Saazer,21534,https://www.ars.usda.gov/ARSUserFiles/2450/hopcultivars/21534.html,Early,Dark green,,,"Viruses: free of all hop viruses following heat treatment and meristem tip culture at Wye College, England","Very poor, could not be maintained in a field location",Very poor,6-16 inches,2.40%,2.4,2.4,2.4,3.60%,3.6,3.6,3.6,19%,19,19,19,unknown,,,,unknown,,,,unknown,,,,unknown,,unknown,,,
6708457e1540d082ce0716aa,Osvald Saazer clone 72Y,21535,https://www.ars.usda.gov/ARSUserFiles/2450/hopcultivars/21535.html,Early,Green,tolerant to moderately resistant,,"Viruses: free of Prunus Necrotic Ringspot, Apple Mosaic, Hop Mosaic, Hop Latent Virus, and American Hop Latent Virus",Poor to good depending on location,Good to poor (probably largely dependent on location and summer daylength),8 to 20 inches,3-5%,5.0,3.0,4.0,4-5%,5.0,4.0,4.5,21-24%,24,21,23,unknown,,,,unknown,,,,unknown,,,,unknown,,unknown,,,
6708457e1540d082ce07171b,Pacific Gem,21609,https://www.ars.usda.gov/ARSUserFiles/2450/hopcultivars/21609.html,late,dark green,very susceptible,moderately resistant,Viruses: free of major hop viruses at time of introduction,"very good, excellent climber","very good, usually over 2,000 lbs/acre when downy mildew is not a factor",30 – 40 inches,11.5 to 13.7% in Corvallis plots; about 15% in New Zealand,13.7,11.5,12.6,5 – 7 %,7.0,5.0,6.0,30 to 45 %,45,30,38,"1.77 ml/100g. Myrcene 60%; Humulene 15%, Caryophyllene 6%; farnesene trace; H/C ratio = 2.61",1.77,,1.77,H/C ratio = 2.61,2.61,,2.61,Humulene 15%,15.0,,15.0,Caryophyllene 6%,6.0,Myrcene 60%,60.0,farnesene trace,
6708457e1540d082ce0716fc,New Zealand Hallertauer,21610,https://www.ars.usda.gov/ARSUserFiles/2450/hopcultivars/21610.html,late,dark green,susceptible,,Viruses: free of major hop viruses when received.,very good,very good,30 to 48 inches,7.40%,7.4,7.4,7.4,5.20%,5.2,5.2,5.2,41%,41,41,41,1.77 ml/100 g,1.77,,1.77,H/C ratio = 2.03,2.03,,2.03,Humulene 9.6%,9.6,,9.6,caryophyllene 4.7%,4.7,myrcene 58.5%,58.5,farnesene 4.2%,4.2
6708457e1540d082ce0716ef,Celeia,21611,https://www.ars.usda.gov/ARSUserFiles/2450/hopcultivars/21611.html,medium early,dark green,moderately resistant,,Viruses: no information,good to very good,good to very good,12 to 30 inches,5 to 6,6.0,5.0,5.5,3 to 4,4.0,3.0,3.5,25,25,25,25,1.31 ml/100 g,1.31,,1.31,H/C ratio = 2.47,2.47,,2.47,Humulene 17.6%,17.6,,17.6,caryophyllene 7.2%,7.2,myrcene 49.5%,49.5,farnesene 5.6%,5.6
6708457e1540d082ce0716f5,Cerera,21612,https://www.ars.usda.gov/ARSUserFiles/2450/hopcultivars/21612.html,medium late to late,dark green,moderately resistant,,Viruses: no information,good to very good,good,12 to 30 inches,5 to 6,6.0,5.0,5.5,4 to 4,4.0,4.0,4.0,25,25,25,25,1.54 ml/100 g,1.54,,1.54,H/C ratio = 2.24,2.24,,2.24,Humulene 13.2%,13.2,,13.2,caryophyllene 5.9%,5.9,myrcene 58.3%,58.3,farnesene 3.1%,3.1
6708457e1540d082ce0716ec,Cekin,21613,https://www.ars.usda.gov/ARSUserFiles/2450/hopcultivars/21613.html,medium late to late,dark green,moderately resistant,,Viruses: no information,"good in Slovenia, only fair in Corvallis test plots","good in Slovenia, poor in Corvallis test plots",12 to 20 inches,6 to 8%,8.0,6.0,7.0,2 to 3%,3.0,2.0,2.5,24%,24,24,24,1.07 ml/100 g,1.07,,1.07,H/C ratio = 2.62,2.62,,2.62,Humulene 16.5%,16.5,,16.5,caryophyllene 6.2%,6.2,myrcene 47.9%,47.9,farnesene 7.1%,7.1
6708457e1540d082ce0716fb,Cicero,21614,https://www.ars.usda.gov/ARSUserFiles/2450/hopcultivars/21614.html,late,dark green,moderately resistant,,Viruses: no information,"good in Slovenia, but only fair in USDA test plots","good in Slovenia, poor to fair in USDA test plots",12 to 10 inches,6 to 7%,7.0,6.0,6.5,2.50%,2.5,2.5,2.5,29,29,29,29,1.05 ml/100 g,1.05,,1.05,H/C ratio = 2.59,2.59,,2.59,Humulene 17.7%,17.7,,17.7,caryophyllene 6.7%,6.7,myrcene 51.1%,51.1,farnesene 3.0%,3.0
6708457e1540d082ce071715,Omega,21667,https://www.ars.usda.gov/ARSUserFiles/2450/hopcultivars/21667.html,medium,dark green,moderately resistant,resistant,Viruses: free of all 5 hop viruses when received at Corvallis,fair to good,fair to good at Corvallis test plots,"12 to 24 inches, sometimes longer",9 - 10 %,10.0,9.0,9.5,3 - 4 %,4.0,3.0,3.5,29%,29,29,29,1.72 ml/100g,1.72,,1.72,H/C ratio = 3.38,3.38,,3.38,Humulene 17%,17.0,,17.0,caryophyllene 5 %,5.0,myrcene 53%,53.0,farnesene trace,
6708457e1540d082ce071703,Whitbread's Golding,21668,https://www.ars.usda.gov/ARSUserFiles/2450/hopcultivars/21668.html,early to medium early,light green,moderately susceptible,tolerant,,fair to good,fair,12 to 30 inches,6 - 7 %,7.0,6.0,6.5,3 %,3.0,3.0,3.0,33 %,33,33,33,1.22 ml/100g,1.22,,1.22,H/C ratio = 2.73,2.73,,2.73,Humulene 25%,25.0,,25.0,caryophyllene 9 %,9.0,myrcene 48%,48.0,farnesene trace,
6708457e1540d082ce07171a,Eastwell Golding,21669,https://www.ars.usda.gov/ARSUserFiles/2450/hopcultivars/21669.html,medium late,light green,moderately susceptible,tolerant,Viruses: no information,fair to good,fair to poor,12 - 20 inches,6%,6.0,6.0,6.0,3%,3.0,3.0,3.0,30%,30,30,30,1.50 ml/100 g,1.50,,1.50,H/C ratio = 3.20,3.20,,3.20,Humulene 25%,25.0,,25.0,caryophyllene 8%,8.0,myrcene 50%,50.0,farnesene trace,
6708457e1540d082ce0716a9,Hallertauer Magnum,21670,https://www.ars.usda.gov/ARSUserFiles/2450/hopcultivars/21670.html,medium to medium late,medium dark green,resistant,resistant,Viruses: free of all 5 major hop viruses at time of receipt,very good,very good,20 to 40 inches,12 to 17%,17.0,12.0,14.5,5 to 6%,6.0,5.0,5.5,26 to 28%,28,26,27,2.33 ml/100 g,2.33,,2.33,H/C ratio = 3.50,3.50,,3.50,Humulene 18.5%,18.5,,18.5,caryophyllene 4.1%,4.1,myrcene 60.5%,60.5,farnesene trace,
6708457e1540d082ce0716a6,Hallertauer Gold,21671,https://www.ars.usda.gov/ARSUserFiles/2450/hopcultivars/21671.html,medium early,medium green to light green,resistant,susceptible,Viruses: free of all major hop viruses when received at Corvallis,fair to good,"fair to good, about 1200 to 1400 lbs/acre in Oregon test plots","12 to 24 inches, sometimes longer",7 - 10%,10.0,7.0,8.5,5 - 7%,7.0,5.0,6.0,20%,20,20,20,1.78 ml/100 g (4 year range: 1.1 to 2.7 ml/100 g),1.78,,1.78,unknown,,,,unknown,,,,unknown,,unknown,,,
6708457e1540d082ce0716b2,Hallertauer Tradition,21672,https://www.ars.usda.gov/ARSUserFiles/2450/hopcultivars/21672.html,medium early,medium green to light green,resistant,resistant,Viruses: free of all 5 major hop viruses when received at Corvallis,fair to good,"fair to good, 4 year range 1000 to 1900 lbs/acre",12 to 30 inches,6 - 8%,8.0,6.0,7.0,4 - 5%,5.0,4.0,4.5,23 - 28%,28,23,26,1.49 ml/100g (4 year range: 0.9 to 1.9 ml/100g); myrcene 59.9%; humulene 18.3%; caryophyllene 5.3%; farnesene trace; H/C ratio = 3.45,1.49,,1.49,H/C ratio = 3.45,3.45,,3.45,Humulene 18.3%,18.3,,18.3,caryophyllene 5.3%,5.3,myrcene 59.9%,59.9,farnesene trace,
6708457e1540d082ce0716c7,Hersbrucker Pure,21673,https://www.ars.usda.gov/ARSUserFiles/2450/hopcultivars/21673.html,medium,dark green,resistant,resistant,Viruses: free of all 5 major hop viruses when received at Corvallis,fair to good,fair to poor,12 to 20 inches,5 - 6%,6.0,5.0,5.5,2 - 3%,3.0,2.0,2.5,20 to 28%,28,20,24,1 ml/100 grams (3 year range: 0.6 to 1.2 ml/100 g); myrcene 50.0%; humulene 10.2%; caryophyllene 4.4%; farnesene 0.2%,1.00,,1.00,H/C ratio = 2.30,2.30,,2.30,Humulene 10.2%,10.2,,10.2,caryophyllene 4.4%,4.4,myrcene 50.0%,50.0,farnesene 0.2%,0.2
6708457e1540d082ce0716ce,Spalter Select,21674,https://www.ars.usda.gov/ARSUserFiles/2450/hopcultivars/21674.html,medium to medium early,medium green,resistant,resistant,Viruses: Free of all major hop viruses when received,fair to good,fair to good,12 to 20 inches,4 to 6%,6.0,4.0,5.0,4 to 5 %,5.0,4.0,4.5,22 to 24%,24,22,23,0.8 to 1.3 ml/100 g; myrcene 56%; humulene 7-10%; caryophyllene 3-4%; farnesene 10 - 13%,1.30,0.80,1.05,H/C ratio = 2.49,2.49,,2.49,humulene 7-10%,10.0,7.0,8.5,caryophyllene 3-4%,4.0,myrcene 56%,56.0,farnesene 10 - 13%,11.5
6708457e1540d082ce071718,Orion,21675,https://www.ars.usda.gov/ARSUserFiles/2450/hopcultivars/21675.html,medium early to medium late,dark green,resistant,resistant,Viruses: free of all major hop viruses when received at Corvallis,good,fair to good,12 to 30 inches,8 - 9 %,9.0,8.0,8.5,5 %,5.0,5.0,5.0,25 - 29 %,29,25,27,1.80 ml/100 g,1.80,,1.80,H/C ratio = 2.46,2.46,,2.46,Humulene 23%,23.0,,23.0,caryophyllene 9%,9.0,myrcene 50 %,50.0,farnesene trace,
6708457e1540d082ce0716f1,Toyomidori,21676,https://www.ars.usda.gov/ARSUserFiles/2450/hopcultivars/21676.html,medium to medium late,dark green,moderately susceptible,tolerant,Viruses: no information,good,"very good to poor, quite variable",24-36 inches,11 - 13 %,13.0,11.0,12.0,5 - 6 %,6.0,5.0,5.5,40%,40,40,40,1.06 ml/100 g,1.06,,1.06,H/C ratio = 2.07,2.07,,2.07,Humulene 9 - 12%,12.0,9.0,10.5,caryophyllene 4-5%,5.0,myrcene 59%,59.0,farnesene trace,
6708457e1540d082ce0716e1,Kitamidori,21677,https://www.ars.usda.gov/ARSUserFiles/2450/hopcultivars/21677.html,medium late,dark green,moderately susceptible,,Viruses: no information,good to very good,good but variable from year to year,20 to 40 inches,9 - 12 %,12.0,9.0,10.5,5 - 6 %,6.0,5.0,5.5,22%,22,22,22,1.35 ml/100 g,1.35,,1.35,H/C ratio = 3.51,3.51,,3.51,humulene 31%,31.0,,31.0,caryophyllene 8 - 10%,10.0,myrcene 34%,34.0,farnesene 6 - 7%,6.5
6708457e1540d082ce071714,Eastern Gold,21678,https://www.ars.usda.gov/ARSUserFiles/2450/hopcultivars/21678.html,late to medium late,dark green,moderately resistant,,Viruses: no information,very good,good to very good,20 to 40 inches,11 - 14 %,14.0,11.0,12.5,5 - 6 %,6.0,5.0,5.5,27%,27,27,27,1.43 ml/100 g,1.43,,1.43,H/C ratio = 22.48,22.48,,22.48,Humulene 19%,19.0,,19.0,caryophyllene 7- 8 %,8.0,myrcene 42%,42.0,farnesene 3%,3.0
6708457e1540d082ce0716e0,Canadian RedVine,21679,https://www.ars.usda.gov/ARSUserFiles/2450/hopcultivars/21679.html,late,medium dark green to lighter green depending on location,moderately resistant,,Viruses: no information,very good,"excellent, over 2000 lbs/ acre, heavy clustering and cone set","30 - 50 inches, sometimes even longer",5%,5.0,5.0,5.0,5 - 6 %,6.0,5.0,5.5,47 %,47,47,47,11.20 ml/ 100 g,11.20,,11.20,H/C ratio = 0.90,0.90,,0.90,humulene 2%,2.0,,2.0,caryophyllene 2%,2.0,myrcene 70%,70.0,farnesene 4 - 7%,5.5
6708457e1540d082ce0716d6,Kent Golding,21680,https://www.ars.usda.gov/ARSUserFiles/2450/hopcultivars/21680.html,early,light green,moderately resistant,tolerant,Viruses: Free of all major hop viruses when received at Corvallis,good,"good, 7 bales/ acre or higher",20 - 40 inches,5 - 6 %,6.0,5.0,5.5,2 - 3 %,3.0,2.0,2.5,29,29,29,29,0.85 ml/100 g,0.85,,0.85,H/C ratio = 3.05,3.05,,3.05,Humulene 27%,27.0,,27.0,caryophyllene 9 %,9.0,myrcene 42 %,42.0,farnesene trace,
6708457e1540d082ce0716e3,Canterbury Golding,21681,https://www.ars.usda.gov/ARSUserFiles/2450/hopcultivars/21681.html,,,,,,,,,unknown,,,,unknown,,,,unknown,,,,unknown,,,,unknown,,,,,,,,unknown,,unknown,,,
6708457e1540d082ce071709,Wuerttemberger,21682,https://www.ars.usda.gov/ARSUserFiles/2450/hopcultivars/21682.html,medium early,light green,moderately resistant,tolerant,Viruses: No information,fair to good,poor,12 to 30 inches,5 %,5.0,5.0,5.0,4 %,4.0,4.0,4.0,28 %,28,28,28,1.25 ml/ 100 g,1.25,,1.25,H/C ratio = 3.00,3.00,,3.00,Humulene 18%,18.0,,18.0,caryophyllene 6%,6.0,myrcene 59%,59.0,farnesene 4%,4.0
6708457e1540d082ce0716d3,Sterling,21689,https://www.ars.usda.gov/ARSUserFiles/2450/hopcultivars/21689.html,medium to medium early,dark green,moderately resistant,,Viruses: free of all major hop viruses at the time of release,powdery mildew: moderately resistant,"very good, 1,800 to 2,000 lbs/acre in Oregon test plots",24 to 36 inches,6 to 9%,9.0,6.0,7.5,4 to 6%,6.0,4.0,5.0,24%,24,24,24,1.3 to 1.9 ml/100 g,1.30,,1.30,H/C ratio = 3.3,3.30,,3.30,humulene 19 - 23,23.0,19.0,21.0,caryophyllene 5 - 7,7.0,myrcene 46,46.0,farnesene 11-17,14.0
6708457e1540d082ce0716d9,Sunbeam,21697,https://www.ars.usda.gov/ARSUserFiles/2450/hopcultivars/21697.html,medium early,lemon yellow,moderately resistant,moderately resistant,Viruses: free of all major hop viruses at the time of release,very good,good,12 to 30 inches,4 to 5%,5.0,4.0,4.5,2.50%,2.5,2.5,2.5,36%,36,36,36,0.8 to 1.3 ml/100 g,1.30,0.80,1.05,H/C ratio = 3.12,3.12,,3.12,Humulene 14%,14.0,,14.0,caryophyllene 4%,4.0,myrcene 56%,56.0,farnesene 6%,6.0
6708457e1540d082ce0716ab,Bianca,21698,https://www.ars.usda.gov/ARSUserFiles/2450/hopcultivars/21698.html,early to medium early,lemon yellow,moderately resistant,moderately resistant,Viruses: free of all major hop viruses at the time of its release,good to very good,good to very good,20 to 30 inches,7 to 8%,8.0,7.0,7.5,3.40%,3.4,3.4,3.4,20 to 28 %,28,20,24,0.6 to 1.0 ml/100 g,1.00,0.60,0.80,H/C ratio = 2.84,2.84,,2.84,Humulene 25%,25.0,,25.0,caryophyllene 8%,8.0,myrcene 30%,30.0,farnesene 13%,13.0
6708457e1540d082ce07169d,Galena,21699,https://www.ars.usda.gov/ARSUserFiles/2450/hopcultivars/21699.html,,,,,,,,,unknown,,,,unknown,,,,unknown,,,,unknown,,,,unknown,,,,unknown,,,,unknown,,unknown,,,
6708457e1540d082ce071717,Eastern Green,21700,https://www.ars.usda.gov/ARSUserFiles/2450/hopcultivars/21700.html,medium to late,dark green,,,,very good,reported to be very good in Japan,"20 - 30 inches, sometimes longer",unknown,,,,unknown,,,,unknown,,,,unknown,,,,unknown,,,,unknown,,,,unknown,,unknown,,,
6708457e1540d082ce071697,Furano Ace,21701,https://www.ars.usda.gov/ARSUserFiles/2450/hopcultivars/21701.html,medium late,dark green,resistant,,Viruses: no information,very good,"variable, reportedly very good in Japan (6 - 7 bales/acre)",12 B 36 inches,7 B 8 %,8.0,7.0,7.5,5 B 8 %,8.0,5.0,6.5,21 %,21,21,21,1.53 ml/100 g,1.53,,1.53,H/C ratio = 2.60,2.60,,2.60,Humulene 19%,19.0,,19.0,caryophyllene 7%,7.0,myrcene 50%,50.0,farnesene 12%,12.0
6708457e1540d082ce0716c2,Sorachi Ace,21702,https://www.ars.usda.gov/ARSUserFiles/2450/hopcultivars/21702.html,midseason,dark green,resistant,,No information,good,"fair to good, reportedly very good in Japan (8 - 10 bales/acre)",12 - 36 inches,unknown,,,,unknown,,,,23%,23,23,23,unknown,,,,unknown,,,,unknown,,,,unknown,,unknown,,,
6708457e1540d082ce0716c8,Southern Cross,21703,https://www.ars.usda.gov/ARSUserFiles/2450/hopcultivars/21703.html,late,dark green,unknown,,,very good,"reportedly very high in New Zealand, 10 - 11 bales/acre",20 - 40 inches,13 - 14 %,14.0,13.0,13.5,6 - 7 %,7.0,6.0,6.5,28%,28,28,28,Humulene 14%; caryophyllene 4%; farnesene 5%; myrcene 58%,,,,unknown,,,,Humulene 14%,14.0,,14.0,caryophyllene 4%,4.0,myrcene 58%,58.0,farnesene 5%,5.0
6708457e1540d082ce071691,Fuggle H,48209,https://www.ars.usda.gov/ARSUserFiles/2450/hopcultivars/48209.html,early,dark green,resistant,moderately susceptible,Viruses: unknown,low to medium,"low, 1,000 to 1,400 lbs/acre",short (12 to 24 inches),2.8 (10 year range: 4.1 to 7.7%),7.7,4.1,5.9,2.8 (10 year range: 2.1 to 3.9 %),3.9,2.1,3.0,26,26,26,26,0.9 ml/100 g (10 year range: 0.41 to 1.89),0.90,,0.90,unknown,,,,unknown,,,,unknown,,unknown,,,
6708457e1540d082ce0716ac,Hallertauer mittelfrueh,56001,https://www.ars.usda.gov/ARSUserFiles/2450/hopcultivars/56001.html,"early in the US, medium early in Germany",light green,tolerant to moderately susceptible,susceptible,Viruses: no specific information available,"poor to good, depending on location",poor,12 to 20 inches,4.40%,4.4,4.4,4.4,4.50%,4.5,4.5,4.5,20 to 22%,22,20,21,0.74 ml/100g,0.74,,0.74,H/C ratio = 3.43,3.43,,3.43,Humulene 33.9%,33.9,,33.9,caryophyllene 9.9%,9.9,myrcene 40.2%,40.2,,
6708457e1540d082ce0716a2,Backa,56002,https://www.ars.usda.gov/ARSUserFiles/2450/hopcultivars/56002.html,Late,Light green,moderately susceptible,,Viruses: unknown,Good to very good,"Fair to good in U.S. trials, very good in Yugoslavia",12-30 inches,4.8% (8-year range 3.1-6.9%),6.9,3.1,5.0,6% (8-year range 4.0-7.4%),7.4,4.0,5.7,25%,25,25,25,0.60 ml/100 g (8-year range 0.39-1.0),0.60,,0.60,H/C ratio 3.28,3.28,,3.28,Humulene 33%,33.0,,33.0,unknown,,unknown,,,
6708457e1540d082ce0716e6,Cascade,56013,https://www.ars.usda.gov/ARSUserFiles/2450/hopcultivars/56013.html,Medium to medium late,Medium green to dark green,resistant,moderately resistant,Viruses: initially infected with all hop viruses but cleaned up by meristem tip culture and heat treatment and re-released under the new Accession No. USDA 21092.,Very good,"Very good, 1800-2200 lbs/acre",24-30 inches,6.2% (ten year range: 5.1 to 8.5%),8.5,5.1,6.8,5.0% (ten year range: 4.0 to 6.6%),6.6,4.0,5.3,33-36%,36,33,35,1.27 ml/100 g (10 year range: 0.62 to 1.89),1.27,,1.27,unknown,,,,unknown,,,,unknown,,unknown,,,
6708457e1540d082ce0716b9,Shinshuwase,60042,https://www.ars.usda.gov/ARSUserFiles/2450/hopcultivars/60042.html,Late,Light green,moderately resistant,resistant,"Viruses: infected with Prunus Necrotic Ringspot Virus (cherry and apple strain), Hop Latent Virus, American Hop Latent Virus, but free of Hop Mosaic Virus.",Very good,"High, 1600-2200 lbs/acre",20-40 inches,5.8% (8-year range 4.7-8.3%),8.3,4.7,6.5,4.7% (8-year range 4.0-6.1%),6.1,4.0,5.1,51%,51,51,51,0.71 ml/100 g (8-year range 0.42-0.98 ml/100 g),0.71,,0.71,unknown,,,,unknown,,,,unknown,,unknown,,,
6708457e1540d082ce07171c,Yugoslavia Golding,61019,https://www.ars.usda.gov/ARSUserFiles/2450/hopcultivars/61019.html,Early,Dark green,resistant,moderately susceptible,Viruses: unknown,"Good early in the season, poor later in the season","Low, 900 1200 lbs/acre",12 20 inches,5.5% (9 year range 3.7 6.9%),6.9,3.7,5.3,2.9% (9 year range 2.1 3.7%),3.7,2.1,2.9,27%,27,27,27,0.9 ml/100 g (9 year range 0.6 1.5 ml/100 g),0.90,,0.90,unknown,,,,unknown,,,,unknown,,unknown,,,
6708457e1540d082ce0716b0,Savinja Golding,61020,https://www.ars.usda.gov/ARSUserFiles/2450/hopcultivars/61020.html,Early,Dark green,resistant,moderately susceptible,"Viruses: free of Prunus Necrotic Ringspot Virus, Apple Mosaic Virus and Hop Mosaic Virus; carries Hop Latent and American Hop Latent Virus","Good in early spring, poor later in the season","Low, 900 1100 lbs/acre",12 20 inches,5.6% (9 year range 4.7 6.6%),6.6,4.7,5.7,2.7% (9 year range 2.2 3.3%),3.3,2.2,2.8,27%,27,27,27,0.91 ml/100 g (9 year range 0.42 1.43 ml/lOOg),0.91,,0.91,unknown,,,,unknown,,,,unknown,,unknown,,,
6708457e1540d082ce0716e8,Tettnanger (Swiss),61021,https://www.ars.usda.gov/ARSUserFiles/2450/hopcultivars/61021.html,Early,Medium green,moderately resistant,,Viruses: unknown,"Good, especially early in the season, but poor in early to mid summer","Low, 1000 1300 lbs/acre",12 36 inches,4.7% (9 year range 4.1 6.3%),6.3,4.1,5.2,4.7% (9 year range 3.6 5.7%),5.7,3.6,4.7,22%,22,22,22,0.66 ml/100 g (9 year range 0.42 1.13 ml/100 g),0.66,,0.66,unknown,,,,unknown,,,,unknown,,unknown,,,
6708457e1540d082ce071701,Comet,62013,https://www.ars.usda.gov/ARSUserFiles/2450/hopcultivars/62013.html,Medium late,"Light green early in the season, turning darker green as the season progresses.",susceptible,resistant,Viruses: free of Prunus Necrotic Ringspot Virus and Hop Mosaic Virus.,Excellent,,24-40 inches,11.3% (8 year range: 9.4 to 12.4%),12.4,9.4,10.9,4.6% (8 year range: 3.0 to 6.1%),6.1,3.0,4.6,41%,41,41,41,1.98 ml/100 g (8 year range: 1.40 to 3.31%),1.98,,1.98,unknown,,,,unknown,,,,unknown,,unknown,,,
6708457e1540d082ce0716d4,Janus,62051,https://www.ars.usda.gov/ARSUserFiles/2450/hopcultivars/62051.html,Very early,Light green,resistant,resistant,Viruses: unknown,Poor,"Low, below 1000 lbs/acre in Oregon",6-12 inches,5.1% (8 year range: 3.8-6.7%),6.7,3.8,5.3,2.3% (8 year range: 1.6-3.2%),3.2,1.6,2.4,32%,32,32,32,0.58 ml/100 g (range: 0.50-1.0),0.58,,0.58,unknown,,,,unknown,,,,unknown,,unknown,,,
6708457e1540d082ce07170a,Density,62052,https://www.ars.usda.gov/ARSUserFiles/2450/hopcultivars/62052.html,"Medium early to medium late, depending on training time in the spring",Dark green,moderately resistant,resistant,Viruses: unknown,Fair to good,Fair to good (1000-400 lbs/acre),12-20 inches,5.3% (6 year range: 4.4-6.6%),6.6,4.4,5.5,3.3% (6 year range: 2.6-4.7%),4.7,2.6,3.7,36%,36,36,36,0.44 ml/100 g (6 year range: 0.26-0.71),0.44,,0.44,unknown,,,,unknown,,,,unknown,,unknown,,,
6708457e1540d082ce071707,Defender,62053,https://www.ars.usda.gov/ARSUserFiles/2450/hopcultivars/62053.html,Early to medium early,Medium green,moderately resistant,resistant,Viruses: unknown,Poor to good,Low (1000 1200 lbs/acre),6 20 inches,4.0% (7 year range: 3.3 6.0%),6.0,3.3,4.7,1.5% (7 year range: 1.1-2.5%),2.5,1.1,1.8,27%,27,27,27,0.5 ml/100 g (7 year range: 0.15 0.98),0.50,,0.50,unknown,,,,unknown,,,,unknown,,unknown,,,
6708457e1540d082ce0716cc,Bullion,64100,https://www.ars.usda.gov/ARSUserFiles/2450/hopcultivars/64100.html,Medium early,Dark green,moderately resistant,resistant,Viruses: infected with all major hop viruses,Excellent,"High, 2000 to 2400 lbs/acre",20-40 inches,10.0% (10 year range: 6.7 to 12.9%),12.9,6.7,9.8,5.4% (10 year range: 3.7 to 9.1%),9.1,3.7,6.4,39%,39,39,39,1.65 ml/100 g (10 year range: 1.14 to 2.70),1.65,,1.65,unknown,,,,unknown,,,,unknown,,unknown,,,
6708457e1540d082ce07170d,Northern Brewer,64107,https://www.ars.usda.gov/ARSUserFiles/2450/hopcultivars/64107.html,Early,Medium to dark green,moderately resistant,resistant,Viruses: infected with all five major hop viruses,Poor to moderate,"Low, 800 1200 lbs/acre",12-20 inches,9.5% (ten year range: 7.0 to 12.1%),12.1,7.0,9.6,4.0% (ten year range: 2.2 to 5.3%),5.3,2.2,3.8,26%,26,26,26,1.61 ml/100 g (10 year range: 0.77 to 2.56),1.61,,1.61,unknown,,,,unknown,,,,unknown,,unknown,,,
6708457e1540d082ce0716df,Talisman,65101,https://www.ars.usda.gov/ARSUserFiles/2450/hopcultivars/65101.html,Very late (mid-to late September),Dark green,moderately resistant,resistant,Viruses: carries prunus necrotic ringspot virus and some other hop viruses without appreciable effect on yields.,Excellent,2000 2600 lbs/acre,24 to 40 inches,6.2% (5 year range: 5.7 to 6.7%),6.7,5.7,6.2,3.2% (5 year range: 2.8 to 3.6%),3.6,2.8,3.2,53%,53,53,53,0.72 ml/100 g (5 year range: 0.47 to 0.98),0.72,,0.72,unknown,,,,unknown,,,,unknown,,unknown,,,
6708457e1540d082ce071716,Yakima Cluster,65102,https://www.ars.usda.gov/ARSUserFiles/2450/hopcultivars/65102.html,Early,Medium green,susceptible,resistant,"Viruses: free of prunus necrotic ringspot and apple mosaic virus, gradually becoming reinfected over a 10 to 15 year period in commercial plantings.",Excellent,"High, 1800 to 2000 lbs/acre",18-36 inches,7.1% (10 year range: 4.4 to 9.8%),9.8,4.4,7.1,4.3% (10 year range: 3.0 to 6.1%),6.1,3.0,4.6,42%,42,42,42,0.47 ml/100 g (10 year range: 0.24 to 0.90),0.47,,0.47,unknown,,,,unknown,,,,unknown,,unknown,,,
6708457e1540d082ce07170c,Early Cluster,65103,https://www.ars.usda.gov/ARSUserFiles/2450/hopcultivars/65103.html,Early,Medium green,susceptible,resistant,Viruses: free of prunus necrotic ringspot virus and apple mosaic virus in gradually becomes reinfected in commercial plantings over a 10 to 15 year period.,Excellent,"High, 1800 to 2100 lbs/acre",24 to 36 inches,6.4% (4 year range: 5.2 to 8.6%),8.6,5.2,6.9,4.4% (4 year range: 3.6 to 6.1%),6.1,3.6,4.9,39%,39,39,39,0.79 ml/100 g (4 year range: 0.66 to 1.03),0.79,,0.79,unknown,,,,unknown,,,,unknown,,unknown,,,
6708457e1540d082ce0716ea,"Late Cluster, L8",65104,https://www.ars.usda.gov/ARSUserFiles/2450/hopcultivars/65104.html,Late,Dark green,susceptible,resistant,"Viruses: free of prunus necrotic ringspot and apple mosaic virus, becoming reinfected over a 10 15 year period in commercial plantings.",Excellent,"High, 2000 lbs/acre",24-36 inches,5.0% (4 year range: 4.1 to 6.4%),6.4,4.1,5.3,4.7% (4 year range: 3.7 to 5.5%),5.5,3.7,4.6,42%,42,42,42,0.34 ml/100 g (4 year range: 0.19 to 0.46); Humulene 13.4%; caryophyllene 4.9%; myrcene 58.1%; Farnesene 0.3%. H/C ratio = 2.74,0.34,,0.34,H/C ratio = 2.74,2.74,,2.74,Humulene 13.4%,13.4,,13.4,caryophyllene 4.9%,4.9,myrcene 58.1%,58.1,farnesene 0.3%,0.3
6708457e1540d082ce071690,Alliance,66050,https://www.ars.usda.gov/ARSUserFiles/2450/hopcultivars/66050.html,Early,Light green,moderately susceptible,resistant,Viruses: unknown,Fair to poor,"Poor to good. Average 1068 lbs/acre over a ten year period near Corvallis, but produced high yields in England.",6 20 inches,6.3% (10 year range 4.6 7.5%),7.5,4.6,6.1,2.5% (10 year range 1.6 5.1%),5.1,1.6,3.4,29%,29,29,29,1.00 ml/100 g (10 year range 1.35 to 0.47); Humulene 33%; caryophyllene 11.3%; myrcene 36.7%; farnesene 1.9%. H/C ratio = 2.92,1.00,,1.00,H/C ratio = 2.92,2.92,,2.92,Humulene 33%,33.0,,33.0,caryophyllene 11.3%,11.3,myrcene 36.7%,36.7,farnesene 1.9%,1.9
6708457e1540d082ce071695,Progress,66051,https://www.ars.usda.gov/ARSUserFiles/2450/hopcultivars/66051.html,very early,medium green to light green,tolerant,tolerant,Viruses: no information,poor in Corvallis test plots,"poor, averaging 800 to 1,000 lbs in Corvallis plots",8 to 20 inches,6.70%,6.7,6.7,6.7,2.60%,2.6,2.6,2.6,28%,28,28,28,0.73 ml/100 g,0.73,,0.73,H/C ratio = 3.48,3.48,,3.48,Humulene 37%,37.0,,37.0,caryophyllene 10.6%,10.6,myrcene 33.5%,33.5,farnesene trace,
6708457e1540d082ce071692,Pride of Ringwood,66052,https://www.ars.usda.gov/ARSUserFiles/2450/hopcultivars/66052.html,late,medium green,susceptible,moderately resistant,Viruses: no information,very good,"very good Australia, fair in Oregon test plots",20 to 30 inches,9 to 11.5 %,11.5,9.0,10.3,5 to 8%,8.0,5.0,6.5,30 to 34%,34,30,32,1.21 ml/100 g (range: 0.70 to 1.78 ml/100 g),1.21,,1.21,H/C ratio = 0.25,0.25,,0.25,humulene 1.9%,1.9,,1.9,caryophyllene 7.6%,7.6,Myrcene 53%,53.0,no farnesene,0.0
6708457e1540d082ce0716dd,Calicross,66054,https://www.ars.usda.gov/ARSUserFiles/2450/hopcultivars/66054.html,Late,Green to dark green,moderately susceptible,,Viruses: unknown,Very good,1200 to 2300 lbs/acre (10 year average 1329 lbs/acre near Corvallis); substantially higher yield in New Zealand.,12-30 inches,7.0% (8 year range 5.8-7.9%),7.9,5.8,6.9,5.6% (8 year range 4.0-7.8%),7.8,4.0,5.9,38%,38,38,38,0.81 ml/100 g (5 year range 0.51-1.39 ml/100 g); humulene 13.2%; myrcene 61.3%; caryophyllene 9.2%; farnesene 2.1%. H/C ratio = 2.45,0.81,,0.81,H/C ratio = 2.45,2.45,,2.45,Humulene 13.2%,13.2,,13.2,caryophyllene 9.2%,9.2,myrcene 61.3%,61.3,farnesene 2.1%,2.1
6708457e1540d082ce071725,First Choice,66055,https://www.ars.usda.gov/ARSUserFiles/2450/hopcultivars/66055.html,Late,Medium dark green,moderately susceptible,,Viruses: unknown,Very good,"Fair to good near Corvallis, very good in New Zealand. Corvallis 5 year average 872 lbs. (range 800 1,400 lbs/acre)",12 to 24 inches,5.6% (5 year range 4.8 6.7%),6.7,4.8,5.8,4.8% (5 year range 3.5 6.7%),6.7,3.5,5.1,39%,39,39,39,0.93% (5 year range 0.51 1.25 ml/100 g),0.93,,0.93,H/C ratio 0.48,0.48,,0.48,Humulene 0.7%,0.7,,0.7,unknown,,unknown,,,
6708457e1540d082ce0716bf,Smooth Cone,66056,https://www.ars.usda.gov/ARSUserFiles/2450/hopcultivars/66056.html,Late,Medium dark green,moderately susceptible,,Viruses: unknown,Very good,"Fair to good near Corvallis, Very good in New Zealand. Corvallis average 989 lbs/a (5 year range 651 1,520 lbs/acre)",12 to 24 inches,8.2% (5 year range 7.0 9.5%),9.5,7.0,8.3,4.2% (5 year range 3.4 5.2%),5.2,3.4,4.3,31%,31,31,31,1.00 ml/100 g (5 year range 0.38 to 1.14 ml); Humulene 20.7%; caryophyllene 6.1%; myrcene 55.2%; Farnesene trace. H/C ratio = 3.38,1.00,,1.00,H/C ratio = 3.38,3.38,,3.38,Humulene 20.7%,20.7,,20.7,caryophyllene 6.1%,6.1,myrcene 55.2%,55.2,Farnesene trace,
6708457e1540d082ce0716c0,Bramling Cross,68051,https://www.ars.usda.gov/ARSUserFiles/2450/hopcultivars/68051.html,medium early,light green,,,,very poor,poor in Corvallis test plots,12 to 15 inches,5 to 7%,7.0,5.0,6.0,3 to 4%,4.0,3.0,3.5,25,25,25,25,0.83 ml/100g,0.83,,0.83,H/C ratio = 1.75,1.75,,1.75,Humulene 12.8%,12.8,,12.8,caryophyllene 7.3%,7.3,myrcene 65.7%,65.7,farnesene trace,
6708457e1540d082ce071721,Petham Golding,68052,https://www.ars.usda.gov/ARSUserFiles/2450/hopcultivars/68052.html,medium late,dark green,moderately resistant,resistant,Viruses: very susceptible to hop mosaic virus,good,"fair to good, averaging 1,200 lbs in Corvallis test plots",12 to 30 inches,6.90%,6.9,6.9,6.9,2.00%,2.0,2.0,2.0,28%,28,28,28,1.15 ml/100 g,1.15,,1.15,H/C ratio = 1.83,1.83,,1.83,Humulene 16.0%,16.0,,16.0,caryophyllene 8.7%,8.7,myrcene 57.0%,57.0,farnesene trace,